month,mrr_usd,revenue_usd,active_paid_customers,arpa_usd,new_logos,churned_logos,mrr_mom_growth_pct,active_customers_mom_growth_pct
2025-01-01,2698,2698.0,4,674.5,4,0,,
2025-02-01,8736,9084.61,30,291.2,26,2,223.8,650.0
2025-03-01,11025,11280.789999999999,52,212.02,24,0,26.2,73.33
2025-04-01,12925,13196.89,73,177.05,21,5,17.23,40.38
2025-05-01,15748,16207.33,101,155.92,33,3,21.84,38.36
2025-06-01,21099,21519.65,123,171.54,25,7,33.98,21.78
2025-07-01,28618,29048.47,140,204.41,24,8,35.64,13.82
2025-08-01,33816,34343.73,165,204.95,33,3,18.16,17.86
2025-09-01,40872,41503.72,194,210.68,32,6,20.87,17.58
2025-10-01,45681,46307.35,218,209.55,30,12,11.77,12.37
2025-11-01,51752,52543.47,241,214.74,35,12,13.29,10.55
2025-12-01,58001,58776.93,266,218.05,37,8,12.07,10.37
2026-01-01,60828,61774.31,290,209.75,32,15,4.87,9.02
2026-02-01,69771,70708.26,323,216.01,48,8,14.7,11.38
2026-03-01,81003,82582.48,378,214.29,63,15,16.1,17.03
2026-04-01,91633,93627.55,415,220.8,52,19,13.12,9.79
2026-05-01,98659,100817.52,444,222.2,48,19,7.67,6.99
2026-06-01,104149,106418.89,467,223.02,42,19,5.56,5.18
2026-07-01,107662,109904.09,505,213.19,57,27,3.37,8.14
2026-08-01,118864,121712.81,560,212.26,82,19,10.4,10.89
