month,cohort_customers,base_revenue_usd,retained_revenue_usd,grr_capped_revenue_usd,nrr_pct,grr_pct
2025-02-01,4,2698.0,2698.0,2698.0,100.0,100.0
2025-03-01,30,9084.61,8922.6,8922.6,98.22,98.22
2025-04-01,52,11280.79,11271.14,11234.35,99.91,99.59
2025-05-01,73,13196.89,13117.29,13025.24,99.4,98.7
2025-06-01,101,16207.33,16196.65,15981.03,99.93,98.6
2025-07-01,123,21519.65,19815.93,19772.8,92.08,91.88
2025-08-01,140,29048.47,28880.49,28757.5,99.42,99.0
2025-09-01,165,34343.73,34359.47,34165.24,100.05,99.48
2025-10-01,194,41503.72,41387.1,41182.1,99.72,99.23
2025-11-01,218,46307.35,46037.47,45619.24,99.42,98.51
2025-12-01,241,52543.47,52035.35,51702.26,99.03,98.4
2026-01-01,266,58776.93,59646.31,58263.71,101.48,99.13
2026-02-01,290,61774.31,61174.92,60727.09,99.03,98.3
2026-03-01,323,70708.26,68037.78,66566.78,96.22,94.14
2026-04-01,378,82582.48,82198.48,81821.21,99.54,99.08
2026-05-01,415,93627.55,91162.36,89751.96,97.37,95.86
2026-06-01,444,100817.52,100292.39,99553.91,99.48,98.75
2026-07-01,467,106418.89,104449.34,103865.29,98.15,97.6
2026-08-01,505,109904.09,108280.29,106128.78,98.52,96.56
