cohort_month,cohort_size,months_since_signup,retained_customers,retention_pct,retention_pct_change_vs_prior_month
2025-01-01,60,0,4,6.67,
2025-01-01,60,1,21,35.0,28.33
2025-01-01,60,2,22,36.67,1.67
2025-01-01,60,3,23,38.33,1.67
2025-01-01,60,4,23,38.33,0.0
2025-01-01,60,5,23,38.33,0.0
2025-01-01,60,6,23,38.33,0.0
2025-01-01,60,7,21,35.0,-3.33
2025-01-01,60,8,20,33.33,-1.67
2025-01-01,60,9,20,33.33,0.0
2025-01-01,60,10,18,30.0,-3.33
2025-01-01,60,11,15,25.0,-5.0
2025-01-01,60,12,15,25.0,0.0
2025-01-01,60,13,13,21.67,-3.33
2025-01-01,60,14,12,20.0,-1.67
2025-01-01,60,15,12,20.0,0.0
2025-01-01,60,16,12,20.0,0.0
2025-01-01,60,17,11,18.33,-1.67
2025-01-01,60,18,10,16.67,-1.67
2025-01-01,60,19,8,13.33,-3.33
2025-02-01,64,0,9,14.06,
2025-02-01,64,1,25,39.06,25.0
2025-02-01,64,2,28,43.75,4.69
2025-02-01,64,3,25,39.06,-4.69
2025-02-01,64,4,25,39.06,0.0
2025-02-01,64,5,23,35.94,-3.13
2025-02-01,64,6,21,32.81,-3.13
2025-02-01,64,7,21,32.81,0.0
2025-02-01,64,8,21,32.81,0.0
2025-02-01,64,9,20,31.25,-1.56
2025-02-01,64,10,20,31.25,0.0
2025-02-01,64,11,20,31.25,0.0
2025-02-01,64,12,20,31.25,0.0
2025-02-01,64,13,20,31.25,0.0
2025-02-01,64,14,20,31.25,0.0
2025-02-01,64,15,20,31.25,0.0
2025-02-01,64,16,19,29.69,-1.56
2025-02-01,64,17,18,28.13,-1.56
2025-02-01,64,18,16,25.0,-3.13
2025-03-01,67,0,5,7.46,
2025-03-01,67,1,20,29.85,22.39
2025-03-01,67,2,22,32.84,2.99
2025-03-01,67,3,21,31.34,-1.49
2025-03-01,67,4,20,29.85,-1.49
2025-03-01,67,5,20,29.85,0.0
2025-03-01,67,6,20,29.85,0.0
2025-03-01,67,7,20,29.85,0.0
2025-03-01,67,8,20,29.85,0.0
2025-03-01,67,9,20,29.85,0.0
2025-03-01,67,10,19,28.36,-1.49
2025-03-01,67,11,18,26.87,-1.49
2025-03-01,67,12,18,26.87,0.0
2025-03-01,67,13,17,25.37,-1.49
2025-03-01,67,14,17,25.37,0.0
2025-03-01,67,15,16,23.88,-1.49
2025-03-01,67,16,15,22.39,-1.49
2025-03-01,67,17,15,22.39,0.0
2025-04-01,71,0,2,2.82,
2025-04-01,71,1,23,32.39,29.58
2025-04-01,71,2,23,32.39,0.0
2025-04-01,71,3,21,29.58,-2.82
2025-04-01,71,4,18,25.35,-4.23
2025-04-01,71,5,18,25.35,0.0
2025-04-01,71,6,18,25.35,0.0
2025-04-01,71,7,17,23.94,-1.41
2025-04-01,71,8,17,23.94,0.0
2025-04-01,71,9,15,21.13,-2.82
2025-04-01,71,10,15,21.13,0.0
2025-04-01,71,11,15,21.13,0.0
2025-04-01,71,12,15,21.13,0.0
2025-04-01,71,13,15,21.13,0.0
2025-04-01,71,14,14,19.72,-1.41
2025-04-01,71,15,13,18.31,-1.41
2025-04-01,71,16,11,15.49,-2.82
2025-05-01,76,0,8,10.53,
2025-05-01,76,1,19,25.0,14.47
2025-05-01,76,2,19,25.0,0.0
2025-05-01,76,3,19,25.0,0.0
2025-05-01,76,4,19,25.0,0.0
2025-05-01,76,5,19,25.0,0.0
2025-05-01,76,6,18,23.68,-1.32
2025-05-01,76,7,18,23.68,0.0
2025-05-01,76,8,17,22.37,-1.32
2025-05-01,76,9,16,21.05,-1.32
2025-05-01,76,10,16,21.05,0.0
2025-05-01,76,11,15,19.74,-1.32
2025-05-01,76,12,13,17.11,-2.63
2025-05-01,76,13,12,15.79,-1.32
2025-05-01,76,14,11,14.47,-1.32
2025-05-01,76,15,11,14.47,0.0
2025-06-01,80,0,12,15.0,
2025-06-01,80,1,26,32.5,17.5
2025-06-01,80,2,26,32.5,0.0
2025-06-01,80,3,27,33.75,1.25
2025-06-01,80,4,26,32.5,-1.25
2025-06-01,80,5,25,31.25,-1.25
2025-06-01,80,6,24,30.0,-1.25
2025-06-01,80,7,24,30.0,0.0
2025-06-01,80,8,24,30.0,0.0
2025-06-01,80,9,20,25.0,-5.0
2025-06-01,80,10,20,25.0,0.0
2025-06-01,80,11,20,25.0,0.0
2025-06-01,80,12,20,25.0,0.0
2025-06-01,80,13,19,23.75,-1.25
2025-06-01,80,14,17,21.25,-2.5
2025-07-01,85,0,8,9.41,
2025-07-01,85,1,29,34.12,24.71
2025-07-01,85,2,32,37.65,3.53
2025-07-01,85,3,31,36.47,-1.18
2025-07-01,85,4,28,32.94,-3.53
2025-07-01,85,5,27,31.76,-1.18
2025-07-01,85,6,27,31.76,0.0
2025-07-01,85,7,25,29.41,-2.35
2025-07-01,85,8,25,29.41,0.0
2025-07-01,85,9,22,25.88,-3.53
2025-07-01,85,10,20,23.53,-2.35
2025-07-01,85,11,20,23.53,0.0
2025-07-01,85,12,19,22.35,-1.18
2025-07-01,85,13,18,21.18,-1.18
2025-08-01,90,0,11,12.22,
2025-08-01,90,1,29,32.22,20.0
2025-08-01,90,2,28,31.11,-1.11
2025-08-01,90,3,28,31.11,0.0
2025-08-01,90,4,24,26.67,-4.44
2025-08-01,90,5,23,25.56,-1.11
2025-08-01,90,6,23,25.56,0.0
2025-08-01,90,7,22,24.44,-1.11
2025-08-01,90,8,22,24.44,0.0
2025-08-01,90,9,22,24.44,0.0
2025-08-01,90,10,21,23.33,-1.11
2025-08-01,90,11,21,23.33,0.0
2025-08-01,90,12,20,22.22,-1.11
2025-09-01,96,0,8,8.33,
2025-09-01,96,1,28,29.17,20.83
2025-09-01,96,2,30,31.25,2.08
2025-09-01,96,3,29,30.21,-1.04
2025-09-01,96,4,29,30.21,0.0
2025-09-01,96,5,28,29.17,-1.04
2025-09-01,96,6,28,29.17,0.0
2025-09-01,96,7,26,27.08,-2.08
2025-09-01,96,8,25,26.04,-1.04
2025-09-01,96,9,25,26.04,0.0
2025-09-01,96,10,23,23.96,-2.08
2025-09-01,96,11,22,22.92,-1.04
2025-10-01,101,0,7,6.93,
2025-10-01,101,1,27,26.73,19.8
2025-10-01,101,2,31,30.69,3.96
2025-10-01,101,3,30,29.7,-0.99
2025-10-01,101,4,28,27.72,-1.98
2025-10-01,101,5,28,27.72,0.0
2025-10-01,101,6,28,27.72,0.0
2025-10-01,101,7,28,27.72,0.0
2025-10-01,101,8,26,25.74,-1.98
2025-10-01,101,9,24,23.76,-1.98
2025-10-01,101,10,23,22.77,-0.99
2025-11-01,107,0,10,9.35,
2025-11-01,107,1,29,27.1,17.76
2025-11-01,107,2,29,27.1,0.0
2025-11-01,107,3,27,25.23,-1.87
2025-11-01,107,4,28,26.17,0.93
2025-11-01,107,5,27,25.23,-0.93
2025-11-01,107,6,25,23.36,-1.87
2025-11-01,107,7,24,22.43,-0.93
2025-11-01,107,8,23,21.5,-0.93
2025-11-01,107,9,22,20.56,-0.93
2025-12-01,114,0,12,10.53,
2025-12-01,114,1,32,28.07,17.54
2025-12-01,114,2,37,32.46,4.39
2025-12-01,114,3,37,32.46,0.0
2025-12-01,114,4,36,31.58,-0.88
2025-12-01,114,5,33,28.95,-2.63
2025-12-01,114,6,32,28.07,-0.88
2025-12-01,114,7,32,28.07,0.0
2025-12-01,114,8,30,26.32,-1.75
2026-01-01,121,0,10,8.26,
2026-01-01,121,1,35,28.93,20.66
2026-01-01,121,2,39,32.23,3.31
2026-01-01,121,3,38,31.4,-0.83
2026-01-01,121,4,34,28.1,-3.31
2026-01-01,121,5,33,27.27,-0.83
2026-01-01,121,6,32,26.45,-0.83
2026-01-01,121,7,30,24.79,-1.65
2026-02-01,128,0,14,10.94,
2026-02-01,128,1,47,36.72,25.78
2026-02-01,128,2,45,35.16,-1.56
2026-02-01,128,3,44,34.38,-0.78
2026-02-01,128,4,40,31.25,-3.13
2026-02-01,128,5,39,30.47,-0.78
2026-02-01,128,6,39,30.47,0.0
2026-03-01,136,0,23,16.91,
2026-03-01,136,1,55,40.44,23.53
2026-03-01,136,2,58,42.65,2.21
2026-03-01,136,3,56,41.18,-1.47
2026-03-01,136,4,52,38.24,-2.94
2026-03-01,136,5,51,37.5,-0.74
2026-04-01,144,0,17,11.81,
2026-04-01,144,1,44,30.56,18.75
2026-04-01,144,2,43,29.86,-0.69
2026-04-01,144,3,44,30.56,0.69
2026-04-01,144,4,41,28.47,-2.08
2026-05-01,152,0,14,9.21,
2026-05-01,152,1,42,27.63,18.42
2026-05-01,152,2,51,33.55,5.92
2026-05-01,152,3,52,34.21,0.66
2026-06-01,162,0,13,8.02,
2026-06-01,162,1,46,28.4,20.37
2026-06-01,162,2,52,32.1,3.7
2026-07-01,171,0,13,7.6,
2026-07-01,171,1,65,38.01,30.41
2026-08-01,182,0,17,9.34,
