model,task_type,n_runs,n_success,n_partial,n_failed,success_pct,partial_pct,failed_pct,avg_llm_cost_usd,total_llm_cost_usd,cost_per_success_usd,avg_input_tokens,avg_output_tokens,p50_latency_sec,p90_latency_sec
balanced-medium,bug_fix,17970,15276,1457,1237,85.01,8.11,6.88,0.426,7655.71,0.5012,191227.0,68261.0,48.4,70.6
fast-small,bug_fix,11427,8948,1346,1133,78.31,11.78,9.92,0.1893,2162.93,0.2417,271479.0,97130.0,33.9,50.8
frontier-large,bug_fix,21170,18405,1516,1249,86.94,7.16,5.9,1.2197,25820.52,1.4029,145980.0,52116.0,68.2,98.5
open-weights-hosted,bug_fix,6530,4805,953,772,73.58,14.59,11.82,0.1168,762.86,0.1588,321112.0,114427.0,60.9,90.7
balanced-medium,code_migration,32658,20949,6462,5247,64.15,19.79,16.07,1.8506,60435.66,2.8849,830614.0,296518.0,150.2,243.7
fast-small,code_migration,20518,10006,5783,4729,48.77,28.19,23.05,0.8375,17183.26,1.7173,1198404.0,430297.0,109.2,177.8
frontier-large,code_migration,37135,27730,5233,4172,74.67,14.09,11.23,5.1208,190160.05,6.8576,613134.0,218758.0,203.5,328.8
open-weights-hosted,code_migration,11842,4792,3869,3181,40.47,32.67,26.86,0.5247,6213.22,1.2966,1441272.0,514143.0,198.2,315.8
balanced-medium,dependency_upgrade,9030,7492,848,690,82.97,9.39,7.64,0.2866,2587.64,0.3454,128448.0,45950.0,32.7,47.5
fast-small,dependency_upgrade,5575,4290,700,585,76.95,12.56,10.49,0.1273,709.5,0.1654,182056.0,65401.0,22.8,34.1
frontier-large,dependency_upgrade,10504,8948,787,769,85.19,7.49,7.32,0.8166,8577.9,0.9586,98032.0,34836.0,45.8,66.8
open-weights-hosted,dependency_upgrade,3215,2282,502,431,70.98,15.61,13.41,0.0792,254.49,0.1115,216992.0,77679.0,40.7,61.8
balanced-medium,feature_build,9163,6058,1693,1412,66.11,18.48,15.41,0.9106,8344.04,1.3774,408169.0,146022.0,103.0,155.2
fast-small,feature_build,5468,2700,1502,1266,49.38,27.47,23.15,0.4187,2289.49,0.848,598956.0,215175.0,75.1,114.2
frontier-large,feature_build,10345,7862,1335,1148,76.0,12.9,11.1,2.5415,26291.3,3.3441,304481.0,108534.0,140.9,210.3
open-weights-hosted,feature_build,3332,1321,1097,914,39.65,32.92,27.43,0.2619,872.55,0.6605,717430.0,257092.0,134.2,206.3
balanced-medium,refactor,11990,9088,1596,1306,75.8,13.31,10.89,0.5882,7052.07,0.776,263541.0,94332.0,66.3,98.9
fast-small,refactor,7452,4296,1723,1433,57.65,23.12,19.23,0.2692,2005.96,0.4669,386665.0,138015.0,48.4,74.6
frontier-large,refactor,13986,12232,984,770,87.46,7.04,5.51,1.6274,22760.47,1.8607,194793.0,69533.0,91.1,130.6
open-weights-hosted,refactor,4398,2125,1274,999,48.32,28.97,22.71,0.1704,749.52,0.3527,466719.0,167360.0,87.2,134.4
balanced-medium,test_generation,11976,11152,436,388,93.12,3.64,3.24,0.2753,3296.59,0.2956,123499.0,44117.0,31.7,45.1
fast-small,test_generation,7596,6452,627,517,84.94,8.25,6.81,0.1229,933.51,0.1447,176414.0,63033.0,22.4,32.5
frontier-large,test_generation,14106,13361,390,355,94.72,2.76,2.52,0.791,11158.2,0.8351,94684.0,33798.0,44.6,63.1
open-weights-hosted,test_generation,4322,3442,477,403,79.64,11.04,9.32,0.0764,330.14,0.0959,209571.0,74919.0,39.8,58.4
