margin_decile,customers,avg_margin_pct,min_margin_pct,max_margin_pct,total_revenue_usd,total_gross_profit_usd,avg_migration_share_pct,most_common_plan
1,75,-6.07,-54.0,8.23,38866.77,-2867.81,46.49,Pro
2,75,16.39,8.61,24.62,73277.85,13949.86,40.64,Pro
3,75,31.79,24.67,38.86,52666.0,15961.68,39.41,Pro
4,75,44.03,39.03,48.97,41898.85,18102.88,35.45,Pro
5,75,53.36,48.98,56.91,89430.78,48885.3,36.72,Pro
6,75,59.75,56.95,62.9,115921.88,69430.94,33.44,Pro
7,75,65.36,62.92,68.75,152924.72,100508.72,33.74,Pro
8,75,71.68,68.93,74.43,83085.0,59081.1,33.07,Pro
9,74,78.01,74.48,81.27,189691.0,147975.77,31.81,Pro
10,74,85.9,81.29,93.49,246294.0,213703.98,26.52,Pro
