model,task_type,n_failed_runs,failed_llm_cost_usd,avg_steps_on_failure,pct_of_total_llm_spend,failure_cost_rank,cumulative_pct_of_failed_spend
frontier-large,code_migration,4172,37406.4,31.04,9.155,1,48.39
balanced-medium,code_migration,5247,15304.16,39.37,3.745,2,68.19
fast-small,code_migration,4729,5689.7,53.23,1.392,3,75.55
frontier-large,feature_build,1148,4307.31,19.7,1.054,4,81.12
frontier-large,bug_fix,1249,2311.46,9.78,0.566,5,84.11
open-weights-hosted,code_migration,3181,2261.44,61.7,0.553,6,87.04
frontier-large,refactor,770,1896.07,12.96,0.464,7,89.49
balanced-medium,feature_build,1412,1828.71,25.39,0.448,8,91.86
balanced-medium,refactor,1306,1121.76,16.93,0.275,9,93.31
frontier-large,dependency_upgrade,769,938.05,6.46,0.23,10,94.52
balanced-medium,bug_fix,1237,789.78,12.65,0.193,11,95.54
fast-small,feature_build,1266,712.84,35.11,0.174,12,96.47
fast-small,refactor,1433,529.24,23.28,0.13,13,97.15
frontier-large,test_generation,355,445.7,6.57,0.109,14,97.73
fast-small,bug_fix,1133,317.08,17.66,0.078,15,98.14
open-weights-hosted,feature_build,914,310.42,40.78,0.076,16,98.54
balanced-medium,dependency_upgrade,690,294.18,8.39,0.072,17,98.92
open-weights-hosted,refactor,999,231.17,27.67,0.057,18,99.22
balanced-medium,test_generation,388,170.7,8.57,0.042,19,99.44
open-weights-hosted,bug_fix,772,129.75,20.29,0.032,20,99.61
fast-small,dependency_upgrade,585,110.93,11.81,0.027,21,99.75
fast-small,test_generation,517,98.56,11.82,0.024,22,99.88
open-weights-hosted,dependency_upgrade,431,49.27,13.72,0.012,23,99.94
open-weights-hosted,test_generation,403,45.34,13.58,0.011,24,100.0
