feature,coef,odds_ratio,odds_ratio_ci_low,odds_ratio_ci_high,p_value
activation_score,-1.0612886251373377,0.34600964619478947,0.17347665213071886,0.6901371094574124,0.0025887519373719563
tenure_months,-0.15350898261725215,0.857693059835749,0.760983369609412,0.9666931161294474,0.011905898459911607
tenure_months_sq,0.011491555711200816,1.0115578372870182,1.0042772436813672,1.0188912121775031,0.0018205117224011707
prior_month_failure_rate,0.29637897006854835,1.3449797673370134,0.3599605166448674,5.025469435945485,0.659436868690219
prior_month_migration_share,0.6289061858750842,1.8755579450964281,0.8854264785537769,3.9729076220535524,0.10054546392165357
log_monthly_runs,0.029575314163119003,1.030017007419634,0.8593673319061232,1.2345536026142478,0.7489531499475086
acquisition_channel_Organic,0.3476362120331008,1.4157171351911517,0.9280137736440316,2.1597254952410174,0.10668685230509314
acquisition_channel_Outbound Sales,0.1039117759132321,1.109502565746925,0.31366562295569755,3.9245484787246747,0.8719277730550854
acquisition_channel_Paid Search,0.6478831540705559,1.91149021298492,1.170896217883191,3.1205112618287063,0.009572980818057988
acquisition_channel_Referral,0.10378025418214416,1.1093566516444795,0.7024641915407783,1.7519358215947016,0.6562141611011416
plan_Pro,0.9475304675704986,2.5793320435645564,0.611430531699203,10.880964305903962,0.19700466184014398
plan_Team,0.3779068270186383,1.4592269760138374,0.6951401259575557,3.0631858067369038,0.31787527229398227
