task_type,model,success_rate,n_runs
bug_fix,balanced-medium,0.8500834724540901,17970
bug_fix,fast-small,0.7830576704296841,11427
bug_fix,frontier-large,0.8693906471421823,21170
bug_fix,open-weights-hosted,0.7358346094946401,6530
code_migration,balanced-medium,0.6414661032518831,32658
code_migration,fast-small,0.4876693634857199,20518
code_migration,frontier-large,0.7467348862259324,37135
code_migration,open-weights-hosted,0.4046613747677757,11842
dependency_upgrade,balanced-medium,0.8296788482834995,9030
dependency_upgrade,fast-small,0.7695067264573991,5575
dependency_upgrade,frontier-large,0.8518659558263518,10504
dependency_upgrade,open-weights-hosted,0.7097978227060653,3215
feature_build,balanced-medium,0.6611371821455855,9163
feature_build,fast-small,0.49378200438917336,5468
feature_build,frontier-large,0.7599806669888836,10345
feature_build,open-weights-hosted,0.39645858343337337,3332
refactor,balanced-medium,0.7579649708090075,11990
refactor,fast-small,0.5764895330112721,7452
refactor,frontier-large,0.8745888745888746,13986
refactor,open-weights-hosted,0.48317417007730784,4398
test_generation,balanced-medium,0.9311957247828991,11976
test_generation,fast-small,0.8493944181147972,7596
test_generation,frontier-large,0.9471855947823621,14106
test_generation,open-weights-hosted,0.7963905599259602,4322
