task_type,model,avg_cost_usd,success_rate,n_runs,on_pareto_frontier
bug_fix,open-weights-hosted,0.11682322725880552,0.7358346094946401,6530,True
bug_fix,fast-small,0.18928238321519206,0.7830576704296841,11427,True
bug_fix,balanced-medium,0.4260275189204229,0.8500834724540901,17970,True
bug_fix,frontier-large,1.2196749486065186,0.8693906471421823,21170,True
code_migration,open-weights-hosted,0.5246766519169059,0.4046613747677757,11842,True
code_migration,fast-small,0.8374725995223705,0.4876693634857199,20518,True
code_migration,balanced-medium,1.8505621442219364,0.6414661032518831,32658,True
code_migration,frontier-large,5.120776786427898,0.7467348862259324,37135,True
dependency_upgrade,open-weights-hosted,0.07915637356143079,0.7097978227060653,3215,True
dependency_upgrade,fast-small,0.12726525829596413,0.7695067264573991,5575,True
dependency_upgrade,balanced-medium,0.2865603023255814,0.8296788482834995,9030,True
dependency_upgrade,frontier-large,0.816632030940594,0.8518659558263518,10504,True
feature_build,open-weights-hosted,0.2618696923769508,0.39645858343337337,3332,True
feature_build,fast-small,0.41870759601316754,0.49378200438917336,5468,True
feature_build,balanced-medium,0.9106226913674561,0.6611371821455855,9163,True
feature_build,frontier-large,2.5414500516191394,0.7599806669888836,10345,True
refactor,open-weights-hosted,0.17042361914506593,0.48317417007730784,4398,True
refactor,fast-small,0.2691845257648953,0.5764895330112721,7452,True
refactor,balanced-medium,0.5881624356964137,0.7579649708090075,11990,True
refactor,frontier-large,1.6273751831831833,0.8745888745888746,13986,True
test_generation,open-weights-hosted,0.07638700393336419,0.7963905599259602,4322,True
test_generation,fast-small,0.12289445102685624,0.8493944181147972,7596,True
test_generation,balanced-medium,0.2752661801937208,0.9311957247828991,11976,True
test_generation,frontier-large,0.7910252196937473,0.9471855947823621,14106,True
