task_type,model,success_rate,success_rate_ci_low,success_rate_ci_high,avg_cost_usd,n_runs,is_current_best_success,is_recommended
bug_fix,balanced-medium,0.8500834724540901,0.8448525319977741,0.8552031163049527,0.4260275189204229,17970,False,True
bug_fix,fast-small,0.7830576704296841,0.7758794959306905,0.7907587293252822,0.1892823832151921,11427,False,False
bug_fix,frontier-large,0.8693906471421823,0.864714218233349,0.8737364194615022,1.2196749486065186,21170,True,False
bug_fix,open-weights-hosted,0.7358346094946401,0.725114854517611,0.7467113323124043,0.11682322725880552,6530,False,False
code_migration,balanced-medium,0.6414661032518831,0.6362904954375651,0.6468866740155551,1.8505621442219364,32658,False,False
code_migration,fast-small,0.4876693634857199,0.48104103713812263,0.49439516522078175,0.8374725995223705,20518,False,False
code_migration,frontier-large,0.7467348862259324,0.7423454961626498,0.7514756967820115,5.120776786427898,37135,True,True
code_migration,open-weights-hosted,0.4046613747677757,0.3957101840905253,0.41386801216010805,0.5246766519169059,11842,False,False
dependency_upgrade,balanced-medium,0.8296788482834995,0.8215946843853821,0.8372093023255814,0.28656030232558144,9030,False,False
dependency_upgrade,fast-small,0.7695067264573991,0.7585650224215247,0.7808071748878924,0.12726525829596413,5575,False,False
dependency_upgrade,frontier-large,0.8518659558263518,0.8452970297029703,0.8583396801218584,0.816632030940594,10504,True,True
dependency_upgrade,open-weights-hosted,0.7097978227060653,0.6942379471228616,0.7262830482115086,0.07915637356143079,3215,False,False
feature_build,balanced-medium,0.6611371821455855,0.6519698788606352,0.6709592928080323,0.9106226913674561,9163,False,False
feature_build,fast-small,0.49378200438917336,0.48024871982443307,0.5067712143379662,0.4187075960131675,5468,False,False
feature_build,frontier-large,0.7599806669888836,0.7518583856935718,0.7685838569357177,2.5414500516191394,10345,True,True
feature_build,open-weights-hosted,0.39645858343337337,0.37965186074429774,0.41236494597839135,0.2618696923769508,3332,False,False
refactor,balanced-medium,0.7579649708090075,0.7502064220183486,0.7658882402001668,0.5881624356964137,11990,False,False
refactor,fast-small,0.5764895330112721,0.5652173913043478,0.5878958668813741,0.2691845257648953,7452,False,False
refactor,frontier-large,0.8745888745888746,0.8692978692978693,0.8800943800943801,1.6273751831831833,13986,True,True
refactor,open-weights-hosted,0.48317417007730784,0.4681616643929059,0.4975045475216007,0.17042361914506596,4398,False,False
test_generation,balanced-medium,0.9311957247828991,0.9270186205744823,0.9355398296593187,0.2752661801937208,11976,False,True
test_generation,fast-small,0.8493944181147972,0.841495523959979,0.8576882569773565,0.12289445102685623,7596,False,False
test_generation,frontier-large,0.9471855947823621,0.9434992201899901,0.9508028498511272,0.7910252196937473,14106,True,False
test_generation,open-weights-hosted,0.7963905599259602,0.7845846830171217,0.8086591855622396,0.07638700393336419,4322,False,False
