customer_id,cluster,avg_monthly_runs,failure_rate,migration_share,activation_score,avg_llm_cost,lifetime_revenue_usd
C00001,1,5.416666666666667,0.2,0.27692307692307694,0.8,0.5911783230769231,348.0
C00002,1,9.61111111111111,0.12138728323699421,0.37572254335260113,0.6,0.7459068265895953,522.0
C00003,1,38.0,0.07894736842105263,0.3157894736842105,0.2,0.5819433157894737,29.0
C00004,0,17.0,0.23529411764705882,0.47058823529411764,0.6,0.4837344117647059,29.0
C00006,2,32.857142857142854,0.11739130434782609,0.30869565217391304,0.8,1.0997210739130434,2086.0
C00010,1,33.0,0.14545454545454545,0.42424242424242425,0.8,0.7417738484848485,145.0
C00012,2,192.15,0.09888108248763987,0.40255009107468126,0.8,2.191585072339318,24000.0
C00014,0,21.2,0.16981132075471697,0.5,0.6,1.0728149386792454,290.0
C00019,1,10.5,0.164021164021164,0.25925925925925924,0.6,0.7231255396825397,522.0
C00020,1,29.3125,0.14712153518123666,0.22174840085287847,0.4,0.6199742409381663,468.5
C00021,1,10.9,0.13761467889908258,0.1834862385321101,0.6,0.5903362752293578,290.0
C00023,2,133.85,0.07919312663429212,0.2558834516249533,1.0,1.7133391878968993,24000.0
C00024,0,25.88888888888889,0.1351931330472103,0.5150214592274678,0.6,0.9459159356223176,528.0
C00025,0,39.75,0.18658280922431866,0.5660377358490566,1.0,0.9499923228511531,460.25
C00026,0,29.68421052631579,0.1773049645390071,0.5656028368794326,0.6,1.0642508475177306,572.25
C00029,0,15.444444444444445,0.1079136690647482,0.5467625899280576,0.4,0.8994881798561152,261.0
C00032,2,96.9,0.11867905056759546,0.24664602683178535,1.0,1.1357268534571723,1490.0
C00042,1,12.88888888888889,0.12931034482758622,0.2974137931034483,0.6,0.667905974137931,522.0
C00046,1,7.894736842105263,0.12,0.23333333333333334,0.4,0.6502528466666666,551.0
C00049,0,18.2,0.15384615384615385,0.510989010989011,0.6,0.8939981593406593,290.0
C00051,1,13.473684210526315,0.109375,0.34375,0.8,0.76038547265625,551.0
C00052,0,17.6,0.19318181818181818,0.5454545454545454,0.6,1.0147175113636364,145.0
C00054,1,10.947368421052632,0.11057692307692307,0.2644230769230769,0.8,0.627516283653846,551.0
C00056,1,13.352941176470589,0.10572687224669604,0.18502202643171806,1.0,0.5039179251101321,493.0
C00060,1,15.333333333333334,0.14130434782608695,0.25,0.8,0.5769906195652174,174.0
C00061,2,51.6875,0.1185006045949214,0.2551390568319226,0.8,1.1810981511487304,2384.0
C00064,1,10.75,0.18604651162790697,0.23255813953488372,0.6,0.5293017906976744,116.0
C00066,2,50.111111111111114,0.11419068736141907,0.25277161862527714,0.8,0.887741512195122,1376.75
C00067,1,21.647058823529413,0.12228260869565218,0.20923913043478262,0.4,0.6488185135869565,493.0
C00068,1,12.375,0.12121212121212122,0.18686868686868688,0.4,0.535984904040404,464.0
C00069,0,39.0,0.28205128205128205,0.2564102564102564,0.6,0.3181291538461538,29.0
C00071,0,10.277777777777779,0.12972972972972974,0.5675675675675675,0.8,1.0948830648648649,522.0
C00077,2,66.73684210526316,0.10725552050473186,0.20347003154574134,1.0,0.9649557697160884,2831.0
C00078,0,31.833333333333332,0.1762652705061082,0.5410122164048866,0.6,1.014591272251309,584.0
C00082,2,347.2631578947368,0.08684449833282813,0.2440133373749621,0.8,1.6753434663534406,24059.82
C00084,1,14.333333333333334,0.16666666666666666,0.32945736434108525,0.8,0.6613433372093023,522.0
C00086,2,50.63157894736842,0.10395010395010396,0.25467775467775466,1.0,1.1248871091476091,2831.0
C00087,0,22.11111111111111,0.17587939698492464,0.5778894472361809,0.4,1.0690997135678393,527.75
C00088,2,96.10526315789474,0.10350492880613363,0.19715224534501644,0.8,0.9610193138006572,2831.0
C00089,1,24.2,0.1322314049586777,0.2644628099173554,0.8,0.7301530082644627,145.0
C00092,0,7.125,0.10526315789473684,0.5614035087719298,0.8,0.9771751228070176,232.0
C00093,1,21.38888888888889,0.13246753246753246,0.19480519480519481,0.2,0.521186122077922,522.0
C00095,1,23.22222222222222,0.11961722488038277,0.2679425837320574,1.0,0.6124141866028708,522.0
C00097,1,12.333333333333334,0.11711711711711711,0.25225225225225223,0.8,0.6400455450450451,522.0
C00099,1,10.666666666666666,0.14583333333333334,0.21875,0.6,0.5610912760416666,522.0
C00100,1,44.0,0.06818181818181818,0.29545454545454547,1.0,0.6116920681818182,29.0
C00102,2,62.35294117647059,0.09433962264150944,0.2358490566037736,0.6,1.6070819820754716,20400.0
C00105,2,223.52631578947367,0.11843654344242995,0.5267247468801507,0.8,2.17470599270073,10570.16
C00109,0,8.88888888888889,0.14375,0.55625,1.0,1.12705365625,522.0
C00110,2,401.4,0.1081215744892875,0.5186846038863976,0.8,2.551519788739412,6792.18
C00120,2,248.89473684210526,0.1002326073165574,0.38359061112285897,0.8,2.1269182359906957,23104.02
C00121,1,12.0,0.125,0.4583333333333333,0.8,0.6660135,58.0
C00122,0,12.6,0.2698412698412698,0.3968253968253968,0.8,1.0317525555555556,145.0
C00129,1,17.11764705882353,0.09278350515463918,0.18213058419243985,1.0,0.574425030927835,493.0
C00130,1,32.0625,0.13450292397660818,0.22612085769980506,0.8,0.5704190038986355,466.25
C00132,1,49.22222222222222,0.13769751693002258,0.26636568848758463,1.0,0.6444105756207675,364.0
C00138,2,126.22222222222223,0.10299295774647887,0.24075704225352113,0.6,1.0663580409330986,2759.66
C00141,0,10.470588235294118,0.16292134831460675,0.5449438202247191,0.6,1.0640487078651686,493.0
C00143,0,21.357142857142858,0.16387959866220736,0.5050167224080268,0.8,0.970944143812709,406.0
C00145,2,39.166666666666664,0.10212765957446808,0.26382978723404255,1.0,1.1476885546099291,2682.0
C00150,1,11.058823529411764,0.1595744680851064,0.21808510638297873,0.6,0.5593515372340426,493.0
C00151,1,24.4375,0.1329923273657289,0.2071611253196931,0.6,0.5363226368286445,464.0
C00152,0,34.0,0.14705882352941177,0.4411764705882353,0.4,0.7562004999999999,29.0
C00154,2,113.94117647058823,0.137842023748064,0.5529168817759422,0.6,1.8705581713990707,3311.9300000000003
C00156,1,19.0,0.13157894736842105,0.39473684210526316,0.8,0.6396567631578948,58.0
C00159,1,21.470588235294116,0.1178082191780822,0.18356164383561643,0.6,0.4891463178082192,493.0
C00161,1,29.4375,0.12101910828025478,0.23142250530785563,0.8,0.5961166942675159,465.25
C00162,2,36.166666666666664,0.13517665130568357,0.5422427035330261,0.8,1.9186774039938557,2682.0
C00165,2,181.88888888888889,0.12156383628588882,0.5265729993891265,0.8,2.551933012217471,21600.0
C00166,1,19.933333333333334,0.15384615384615385,0.23411371237458195,1.0,0.5937027926421404,435.0
C00167,1,20.11764705882353,0.15497076023391812,0.22514619883040934,1.0,0.6051988070175439,493.0
C00173,0,19.0,0.3157894736842105,0.3157894736842105,0.2,0.6272848421052631,29.0
C00175,1,10.0,0.25,0.25,1.0,0.53482585,58.0
C00180,1,23.727272727272727,0.1685823754789272,0.20306513409961685,0.6,0.5605111685823755,319.0
C00183,0,5.0588235294117645,0.1744186046511628,0.5813953488372093,0.6,1.1200163720930232,493.0
C00185,0,16.8,0.20238095238095238,0.5178571428571429,0.8,0.9809997619047619,290.0
C00188,1,70.0,0.14285714285714285,0.2571428571428571,0.8,0.5024408428571429,34.0
C00190,2,62.22222222222222,0.11607142857142858,0.375,0.8,1.3128685919642855,2682.0
C00197,1,18.5,0.09797297297297297,0.19256756756756757,0.6,0.5042161959459459,464.0
C00212,2,85.75,0.11224489795918367,0.3739067055393586,0.6,1.2893061202623908,1740.37
C00213,2,88.85714285714286,0.14790996784565916,0.520096463022508,0.8,1.0966665675241158,1359.3
C00215,1,13.3125,0.1596244131455399,0.2112676056338028,0.8,0.5738760046948357,464.0
C00216,1,14.333333333333334,0.06976744186046512,0.4418604651162791,1.0,0.8041651627906976,87.0
C00217,1,15.5,0.16129032258064516,0.3225806451612903,0.8,0.8607188064516129,58.0
C00218,2,82.0,0.1951219512195122,0.5914634146341463,0.6,1.9323902073170731,205.79
C00221,1,19.6875,0.10476190476190476,0.29523809523809524,0.4,0.6848215904761905,464.0
C00224,1,16.6,0.10040160642570281,0.23694779116465864,0.6,0.5726175662650602,435.0
C00227,0,15.666666666666666,0.1829787234042553,0.5574468085106383,0.8,0.878813940425532,435.0
C00229,0,11.25,0.16111111111111112,0.5333333333333333,1.0,1.13752325,464.0
C00232,1,42.666666666666664,0.109375,0.28125,0.4,0.5060069453125,94.5
C00233,2,186.94117647058823,0.09786028949024543,0.3898678414096916,0.8,2.1121515582127124,20400.0
C00239,2,96.41176470588235,0.11531421598535692,0.2727272727272727,0.8,1.106703793776693,2533.0
C00242,1,11.6875,0.1443850267379679,0.20855614973262032,0.6,0.6210730481283422,464.0
C00243,0,36.875,0.14915254237288136,0.3949152542372881,0.6,0.814942279661017,527.25
C00245,1,14.0,0.07142857142857142,0.21428571428571427,0.2,0.41168849999999996,29.0
C00247,1,31.3125,0.15568862275449102,0.4091816367265469,0.8,0.8353997784431137,480.75
C00248,1,16.75,0.1865671641791045,0.2835820895522388,0.6,0.6539036567164179,232.0
C00251,0,29.571428571428573,0.18357487922705315,0.48792270531400966,0.6,0.9449653719806763,209.0
C00252,0,36.30769230769231,0.163135593220339,0.5317796610169492,0.8,0.9766510211864406,450.0
C00258,1,5.833333333333333,0.22857142857142856,0.3142857142857143,1.0,0.6454061714285715,174.0
C00260,1,21.333333333333332,0.09375,0.25,1.0,0.549367109375,87.0
C00261,1,36.9375,0.155668358714044,0.4230118443316413,0.8,0.784740950930626,533.5
C00269,2,108.75,0.09655172413793103,0.20344827586206896,0.8,1.0286912873563219,2384.0
C00272,1,32.61538461538461,0.10377358490566038,0.16745283018867924,0.6,0.5457171910377359,379.5
C00276,2,239.3125,0.08696787673021676,0.25489683990598067,0.6,1.6950540323844345,19210.26
C00279,1,10.5,0.10476190476190476,0.14285714285714285,1.0,0.6466798380952381,290.0
C00280,1,21.714285714285715,0.14473684210526316,0.21052631578947367,0.6,0.638146490131579,406.0
C00283,2,113.75,0.14065934065934066,0.545054945054945,0.6,1.7564233137362637,2555.38
C00284,1,7.466666666666667,0.13392857142857142,0.19642857142857142,0.8,0.46114337499999997,435.0
C00288,0,26.0,0.16666666666666666,0.5820512820512821,1.0,1.1108876358974358,449.5
C00291,1,32.25,0.1434108527131783,0.23837209302325582,0.4,1.002116753875969,2384.0
C00294,1,14.142857142857142,0.1111111111111111,0.43434343434343436,1.0,0.7416070505050506,203.0
C00297,2,71.25,0.11578947368421053,0.22339181286549709,0.6,1.0458534666666666,1788.0
C00301,1,6.166666666666667,0.14864864864864866,0.32432432432432434,0.4,0.6650241081081081,348.0
C00303,0,11.0,0.2727272727272727,0.2727272727272727,0.4,0.4678825454545455,29.0
C00307,0,8.6,0.17829457364341086,0.4883720930232558,0.6,1.076618968992248,435.0
C00309,2,77.08333333333333,0.10918918918918918,0.2691891891891892,0.6,1.1580274172972973,1788.0
C00312,1,23.0,0.13043478260869565,0.17391304347826086,0.6,0.5276558695652175,29.0
C00318,1,5.4,0.1111111111111111,0.3333333333333333,1.0,0.7082047777777777,145.0
C00319,1,15.066666666666666,0.10619469026548672,0.3938053097345133,0.8,0.7422538274336283,435.0
C00325,2,47.53846153846154,0.10841423948220065,0.2313915857605178,0.4,1.0740242556634303,1937.0
C00327,1,12.285714285714286,0.0872093023255814,0.16279069767441862,0.8,0.44931377325581395,406.0
C00328,1,24.11111111111111,0.15668202764976957,0.22119815668202766,0.4,1.0990796543778802,1341.0
C00331,0,13.333333333333334,0.15,0.425,0.6,0.9363189500000001,87.0
C00343,0,7.357142857142857,0.1262135922330097,0.5048543689320388,0.4,1.0963699611650486,406.0
C00344,1,28.46153846153846,0.12432432432432433,0.24054054054054055,0.8,0.5902673297297297,380.75
C00346,1,25.214285714285715,0.12464589235127478,0.19263456090651557,0.4,0.5535432152974504,406.0
C00347,0,15.0,0.1511111111111111,0.49333333333333335,0.4,1.5506512133333334,2235.0
C00349,0,11.625,0.15053763440860216,0.6021505376344086,0.4,1.0981524086021506,232.0
C00354,2,73.55555555555556,0.1299093655589124,0.5090634441087614,0.8,1.6088430785498489,1341.0
C00355,2,74.85714285714286,0.10687022900763359,0.40076335877862596,0.6,2.1069374952290074,16800.0
C00357,1,23.785714285714285,0.11411411411411411,0.3483483483483483,1.0,0.7100718918918919,406.0
C00358,1,24.5,0.10204081632653061,0.42857142857142855,0.8,0.5786500612244898,58.0
C00361,2,31.466666666666665,0.1652542372881356,0.5042372881355932,0.8,1.657130783898305,2235.0
C00364,1,15.857142857142858,0.10810810810810811,0.19369369369369369,0.8,0.5225669954954955,406.0
C00367,2,25.866666666666667,0.09278350515463918,0.39948453608247425,1.0,1.4553587190721649,2235.0
C00371,1,27.2,0.1053921568627451,0.2107843137254902,0.8,1.006105120098039,2235.0
C00374,1,16.916666666666668,0.1477832512315271,0.29064039408866993,0.6,0.6597983497536946,348.0
C00376,2,124.33333333333333,0.08668453976764968,0.1867739052725648,1.0,1.508588709562109,10800.0
C00378,1,27.066666666666666,0.09113300492610837,0.1921182266009852,0.8,0.9240900467980296,2235.0
C00387,2,62.53333333333333,0.1396588486140725,0.5671641791044776,0.8,1.7297545149253732,2235.0
C00394,0,30.076923076923077,0.13810741687979539,0.4296675191815857,0.6,0.8064207519181587,382.75
C00395,1,18.071428571428573,0.10276679841897234,0.17786561264822134,0.6,0.5032310671936758,406.0
C00399,0,22.428571428571427,0.1624203821656051,0.40445859872611467,0.6,0.8406565732484076,409.0
C00404,0,17.583333333333332,0.15165876777251186,0.5260663507109005,0.6,0.9921943033175357,348.0
C00405,2,61.833333333333336,0.10242587601078167,0.3908355795148248,0.4,1.2990353611859837,894.0
C00408,1,10.642857142857142,0.10067114093959731,0.2214765100671141,0.8,0.5714374161073825,406.0
C00409,0,10.071428571428571,0.14184397163120568,0.5390070921985816,0.6,0.9086282056737589,406.0
C00411,1,22.0,0.2727272727272727,0.13636363636363635,0.8,0.45612586363636365,29.0
C00412,1,20.25,0.09876543209876543,0.18518518518518517,0.2,0.4377189382716049,116.0
C00414,2,101.11111111111111,0.0978021978021978,0.5076923076923077,0.8,2.484990068131868,10800.0
C00417,1,34.0,0.11764705882352941,0.23529411764705882,0.4,0.39124591176470586,29.0
C00418,2,122.73333333333333,0.11787072243346007,0.267246061922868,0.6,1.1651016414991853,2294.84
C00422,0,33.666666666666664,0.19801980198019803,0.5247524752475248,0.4,0.6359335247524752,95.5
C00423,2,117.53846153846153,0.11452879581151833,0.3933246073298429,0.6,1.3585611989528796,1877.3899999999999
C00424,1,25.666666666666668,0.1038961038961039,0.22077922077922077,0.8,0.6196366753246754,87.0
C00428,1,36.416666666666664,0.10526315789473684,0.3524027459954233,0.4,0.7848190343249427,376.5
C00429,1,20.625,0.21212121212121213,0.23636363636363636,0.6,0.7438117939393939,232.0
C00430,0,10.923076923076923,0.1267605633802817,0.5704225352112676,0.8,0.9023505422535212,377.0
C00432,1,7.538461538461538,0.12244897959183673,0.35714285714285715,1.0,0.6245559897959184,377.0
C00433,0,22.25,0.21348314606741572,0.550561797752809,0.4,0.9350366404494381,116.0
C00434,1,12.461538461538462,0.11728395061728394,0.2222222222222222,0.4,0.5406730740740741,377.0
C00435,2,498.2142857142857,0.10437275985663083,0.3961290322580645,0.8,2.1848963597132616,19770.18
C00437,2,51.5,0.11234396671289876,0.2829403606102635,0.6,1.160677356449376,2086.0
C00438,2,64.71428571428571,0.10375275938189846,0.3741721854304636,0.8,2.093670693156733,16800.0
C00440,0,13.5,0.14814814814814814,0.48148148148148145,0.8,1.0992912469135803,174.0
C00442,0,14.0,0.19047619047619047,0.5,0.6,0.9662560476190476,87.0
C00444,1,8.23076923076923,0.102803738317757,0.2523364485981308,0.2,0.6690431962616822,377.0
C00445,2,103.5,0.08488612836438923,0.19254658385093168,1.0,1.4901728102139407,16800.0
C00447,1,15.692307692307692,0.10294117647058823,0.16176470588235295,0.8,0.5662177549019608,377.0
C00457,2,85.28571428571429,0.10971524288107203,0.37520938023450584,0.8,2.1150068609715245,16800.0
C00460,1,20.1,0.12935323383084577,0.373134328358209,0.6,0.8176531492537313,290.0
C00464,2,233.92857142857142,0.0916030534351145,0.2537404580152672,1.0,1.6681333615267175,16810.62
C00472,1,25.5,0.12254901960784313,0.25,0.2,0.6474181470588236,232.0
C00473,1,34.111111111111114,0.15960912052117263,0.2768729641693811,0.4,0.5790077231270359,268.5
C00476,1,17.0,0.16666666666666666,0.17647058823529413,0.8,0.573121911764706,174.0
C00478,1,14.692307692307692,0.13612565445026178,0.2670157068062827,0.8,0.7069781308900523,377.0
C00480,2,232.42857142857142,0.094960049170252,0.37430854333128455,1.0,2.0498762224953904,16888.2
C00482,1,11.0,0.13986013986013987,0.4125874125874126,0.8,0.9079954685314686,377.0
C00483,1,10.692307692307692,0.14388489208633093,0.2733812949640288,0.4,0.7045708129496403,377.0
C00490,2,170.07142857142858,0.09197816043679126,0.38345233095338094,0.8,2.1185595107097854,16800.0
C00493,0,23.416666666666668,0.18149466192170818,0.5409252669039146,0.6,0.8539465017793595,348.0
C00494,1,14.0,0.11607142857142858,0.2857142857142857,0.6,0.7322783303571428,232.0
C00495,0,25.75,0.1650485436893204,0.441747572815534,0.6,0.8247446213592233,232.0
C00499,1,10.0,0.1,0.4,0.8,0.5625938500000001,58.0
C00509,1,7.666666666666667,0.08695652173913043,0.32608695652173914,0.8,0.6667061956521739,348.0
C00515,1,24.0,0.08333333333333333,0.4583333333333333,0.6,0.9250429166666666,29.0
C00520,2,273.0769230769231,0.11295774647887324,0.532394366197183,1.0,2.636934886197183,16292.1
C00521,0,9.666666666666666,0.1724137931034483,0.6206896551724138,0.6,1.2233778965517241,87.0
C00522,1,17.25,0.10144927536231885,0.28502415458937197,0.6,0.6653791256038647,348.0
C00527,1,29.416666666666668,0.1048158640226629,0.18980169971671387,0.6,0.9346894249291784,1788.0
C00530,1,31.6,0.14240506329113925,0.22784810126582278,0.8,0.6181335569620253,290.0
C00531,2,93.46153846153847,0.07736625514403292,0.26008230452674896,1.0,1.733390203292181,15600.0
C00534,1,21.46153846153846,0.08602150537634409,0.24014336917562723,1.0,0.9676707634408602,1937.0
C00535,0,24.333333333333332,0.136986301369863,0.4794520547945205,0.4,0.8699926301369862,87.0
C00536,1,33.416666666666664,0.16458852867830423,0.4139650872817955,1.0,0.886400927680798,370.75
C00539,0,33.5,0.11940298507462686,0.582089552238806,0.8,0.9267774925373135,58.0
C00541,1,20.0,0.0,0.2,0.6,0.3802367,29.0
C00548,0,11.416666666666666,0.18248175182481752,0.4306569343065693,0.4,0.8234687518248175,348.0
C00549,0,9.0,0.1111111111111111,0.6666666666666666,0.8,0.9591796666666667,58.0
C00554,1,38.0,0.13157894736842105,0.23684210526315788,0.4,0.6271203421052632,29.0
C00557,2,38.61538461538461,0.1294820717131474,0.21115537848605578,0.8,1.0076037609561754,1937.0
C00560,1,10.916666666666666,0.1297709923664122,0.25190839694656486,0.8,0.533099106870229,348.0
C00561,2,100.07692307692308,0.1137586471944658,0.2536510376633359,0.8,1.0681825926210606,1937.0
C00564,0,9.916666666666666,0.16806722689075632,0.5798319327731093,0.4,1.1431052352941178,348.0
C00566,1,18.0,0.18055555555555555,0.18055555555555555,0.6,0.4588635277777777,116.0
C00568,1,36.916666666666664,0.11963882618510158,0.24830699774266365,1.0,0.6223740609480812,372.75
C00575,2,30.846153846153847,0.09975062344139651,0.3566084788029925,0.6,1.5008655910224438,1937.0
C00577,2,92.3076923076923,0.13666666666666666,0.49,1.0,1.7149822300000002,1937.0
C00578,1,31.083333333333332,0.16353887399463807,0.38337801608579086,0.8,0.9127934423592493,352.0
C00579,0,33.5,0.22388059701492538,0.5671641791044776,0.6,1.8874325895522388,596.0
C00581,0,16.818181818181817,0.12972972972972974,0.5405405405405406,0.8,1.0223498054054054,319.0
C00584,0,17.25,0.17391304347826086,0.5265700483091788,1.0,0.9420842946859903,348.0
C00585,1,10.0,0.1,0.4,0.8,0.5567225,29.0
C00586,2,86.0,0.12624584717607973,0.5199335548172758,0.6,2.7479961694352157,8400.0
C00588,2,56.15384615384615,0.09178082191780822,0.26438356164383564,0.6,1.125899091780822,1937.0
C00589,1,19.0,0.11695906432748537,0.2573099415204678,0.8,0.6610980292397661,261.0
C00591,1,24.727272727272727,0.125,0.38235294117647056,0.6,0.7170060735294118,319.0
C00594,0,29.0,0.2413793103448276,0.3103448275862069,0.8,0.7796458620689655,29.0
C00598,2,257.25,0.09523809523809523,0.20116618075801748,0.6,1.5871354114026561,14455.44
C00600,2,138.91666666666666,0.10797840431913618,0.52249550089982,0.8,2.5989994961007796,14400.0
C00607,2,310.1818181818182,0.11078546307151231,0.5131887456037515,0.8,2.531897496776084,11110.13
C00614,1,62.6,0.134185303514377,0.23322683706070288,0.4,0.6431215,508.5
C00616,0,11.272727272727273,0.13709677419354838,0.5241935483870968,0.4,0.9453781048387097,319.0
C00617,2,93.45454545454545,0.12354085603112841,0.2782101167315175,0.8,1.0543114416342412,1136.12
C00620,2,44.666666666666664,0.1044776119402985,0.27611940298507465,0.6,1.1545532537313434,447.0
C00621,0,9.545454545454545,0.17142857142857143,0.5619047619047619,0.6,0.8042313428571428,319.0
C00628,1,22.09090909090909,0.15637860082304528,0.26337448559670784,0.8,0.6763080823045268,319.0
C00631,2,45.416666666666664,0.10642201834862386,0.28440366972477066,0.6,1.1323162495412844,1788.0
C00633,1,64.88888888888889,0.125,0.2517123287671233,0.6,0.657284125,495.75
C00634,2,138.25,0.08860759493670886,0.22965641952983726,0.8,1.6929088251959012,14400.0
C00640,2,126.16666666666667,0.07463672391017173,0.18295904887714662,0.8,1.453093898282695,14400.0
C00646,0,12.1,0.17355371900826447,0.4462809917355372,0.8,0.6385378181818182,290.0
C00649,1,15.0,0.13333333333333333,0.25555555555555554,1.0,0.6528618333333334,174.0
C00651,1,6.3,0.07936507936507936,0.31746031746031744,0.8,0.5898349365079365,290.0
C00652,1,8.272727272727273,0.10989010989010989,0.16483516483516483,0.6,0.5766534835164835,319.0
C00655,2,158.375,0.08524072612470403,0.26519337016574585,0.8,1.7049098382004737,9600.0
C00661,0,19.666666666666668,0.15254237288135594,0.3813559322033898,0.4,0.6957051694915254,174.0
C00662,1,21.181818181818183,0.10300429184549356,0.18454935622317598,1.0,0.5168386094420601,319.0
C00663,0,5.8,0.3103448275862069,0.4482758620689655,0.6,0.9632935,290.0
C00664,1,4.545454545454546,0.16,0.2,1.0,0.41521152,319.0
C00667,2,65.16666666666667,0.13810741687979539,0.4884910485933504,0.8,1.5952355971867007,1788.0
C00668,1,19.545454545454547,0.12558139534883722,0.2372093023255814,0.6,0.6167428930232558,319.0
C00673,1,21.5,0.11627906976744186,0.20930232558139536,0.8,0.5802921860465116,58.0
C00675,1,10.5,0.11904761904761904,0.14285714285714285,0.6,0.3896101666666667,116.0
C00676,2,91.36363636363636,0.14527363184079603,0.4666666666666667,0.2,1.4897122925373134,1429.15
C00680,0,10.444444444444445,0.2553191489361702,0.574468085106383,0.2,1.3662788191489361,261.0
C00681,0,19.09090909090909,0.1619047619047619,0.47619047619047616,0.8,1.141079938095238,319.0
C00685,1,21.181818181818183,0.14163090128755365,0.22317596566523606,0.8,0.5481864806866953,319.0
C00688,0,13.777777777777779,0.1532258064516129,0.3709677419354839,0.4,0.8495552741935484,261.0
C00695,1,27.88888888888889,0.09561752988047809,0.27091633466135456,0.6,0.5807688924302788,261.0
C00697,1,51.714285714285715,0.12430939226519337,0.40331491712707185,0.6,0.7904416243093922,325.5
C00703,0,7.444444444444445,0.1791044776119403,0.4626865671641791,0.2,0.8712748059701492,261.0
C00706,0,23.666666666666668,0.15023474178403756,0.5117370892018779,0.6,0.8789253427230047,261.0
C00711,0,14.333333333333334,0.10852713178294573,0.5426356589147286,0.8,0.9970153023255813,261.0
C00712,2,33.90909090909091,0.10455764075067024,0.3780160857908847,0.8,1.3109025951742628,1639.0
C00715,1,17.1,0.18128654970760233,0.17543859649122806,1.0,0.6907429122807018,290.0
C00722,1,12.0,0.14166666666666666,0.25833333333333336,0.8,0.6214996416666666,290.0
C00724,1,46.1,0.13449023861171366,0.25813449023861174,0.8,0.703122863340564,368.0
C00726,2,140.0,0.1,0.3935064935064935,1.0,2.134885177922078,13200.0
C00728,2,169.54545454545453,0.08632707774798927,0.19571045576407506,1.0,1.4824433222520108,13200.0
C00732,1,20.9,0.13875598086124402,0.22488038277511962,0.4,0.6298327464114832,290.0
C00733,2,80.54545454545455,0.1433408577878104,0.4785553047404063,0.4,1.600325658013544,1639.0
C00734,1,21.0,0.09047619047619047,0.21904761904761905,0.8,0.5344015666666666,290.0
C00736,1,29.8,0.14093959731543623,0.47651006711409394,1.0,0.8286058590604026,297.25
C00740,2,27.0,0.08333333333333333,0.5462962962962963,0.8,2.0363990185185186,596.0
C00744,0,27.0,0.18518518518518517,0.4444444444444444,0.4,0.7204928888888888,29.0
C00749,1,27.125,0.1152073732718894,0.21658986175115208,0.8,0.5639119078341014,232.0
C00750,0,12.666666666666666,0.21052631578947367,0.39473684210526316,0.6,0.6213782894736842,87.0
C00757,1,20.5,0.13658536585365855,0.18536585365853658,0.6,0.5992840634146341,290.0
C00760,2,83.4,0.14148681055155876,0.5239808153477218,0.8,1.5970928776978417,1168.03
C00762,1,9.5,0.15789473684210525,0.28421052631578947,0.4,0.7905439578947369,290.0
C00766,1,20.333333333333332,0.11475409836065574,0.23497267759562843,0.4,0.6022148633879781,261.0
C00769,2,83.0,0.13493975903614458,0.5457831325301205,1.0,1.3710878915662652,978.67
C00770,1,14.6,0.136986301369863,0.2671232876712329,0.8,0.6117284931506849,290.0
C00773,1,17.5,0.10857142857142857,0.18857142857142858,0.6,0.5507054,290.0
C00774,2,106.0,0.12264150943396226,0.42452830188679247,0.4,1.5451219999999999,149.0
C00775,1,35.7,0.08123249299719888,0.24089635854341737,1.0,0.6301073417366947,300.0
C00780,1,13.0,0.14285714285714285,0.25274725274725274,0.6,0.5971987032967033,203.0
C00781,0,6.0,0.16666666666666666,0.6666666666666666,0.4,0.8438216666666666,58.0
C00784,1,42.285714285714285,0.14864864864864866,0.1858108108108108,0.8,0.5039368006756757,215.25
C00786,2,204.36363636363637,0.09430604982206406,0.2099644128113879,0.8,1.6030282344306048,13200.0
C00789,1,28.0,0.09285714285714286,0.2357142857142857,1.0,0.5972361464285715,290.0
C00796,1,16.0,0.1388888888888889,0.2569444444444444,0.6,0.5308127291666667,261.0
C00801,1,10.0,0.1111111111111111,0.26666666666666666,0.2,0.699034088888889,261.0
C00802,1,12.5,0.14,0.46,1.0,0.82474508,116.0
C00805,2,50.6,0.08893280632411067,0.23122529644268774,1.0,1.0327273972332016,1490.0
C00808,2,168.2,0.08263971462544589,0.26456599286563615,1.0,1.6948681438763378,12000.0
C00810,2,31.5,0.09523809523809523,0.5873015873015873,0.8,1.8101971269841268,298.0
C00813,2,90.9,0.09020902090209021,0.28272827282728275,0.8,1.707395206820682,12000.0
C00820,1,17.75,0.14788732394366197,0.45774647887323944,1.0,0.8589950422535211,232.0
C00832,2,209.3,0.09746774964166269,0.39942666029622553,0.8,2.105098997133301,12000.0
C00833,1,13.3,0.12030075187969924,0.17293233082706766,0.6,0.895569984962406,1490.0
C00834,0,17.333333333333332,0.16666666666666666,0.5,0.4,0.7785172499999999,261.0
C00835,2,47.3,0.13953488372093023,0.4820295983086681,0.6,1.6242929661733616,1490.0
C00836,0,29.0,0.15708812260536398,0.3946360153256705,0.4,0.8143475555555556,274.0
C00841,0,30.5,0.21311475409836064,0.3442622950819672,0.6,0.6183427213114754,58.0
C00844,2,41.8,0.1339712918660287,0.4090909090909091,0.8,1.5281181124401915,1490.0
C00846,0,13.444444444444445,0.17355371900826447,0.5537190082644629,0.4,1.0219888595041322,261.0
C00847,1,27.88888888888889,0.12749003984063745,0.20318725099601595,0.6,0.557806828685259,261.0
C00850,1,6.8,0.11764705882352941,0.20588235294117646,1.0,0.44429814705882353,145.0
C00851,0,12.25,0.19387755102040816,0.5612244897959183,0.6,0.9517473571428572,232.0
C00855,0,12.5,0.22666666666666666,0.41333333333333333,0.6,0.8514703600000001,174.0
C00858,0,38.833333333333336,0.1630901287553648,0.4206008583690987,0.4,0.7921675751072961,191.5
C00860,1,16.0,0.0625,0.375,0.4,0.3848939375,29.0
C00863,1,32.5,0.15384615384615385,0.4,1.0,0.7409970153846154,58.0
C00864,2,43.4,0.10599078341013825,0.4055299539170507,1.0,2.3189686405529955,12000.0
C00872,1,20.0,0.12857142857142856,0.22142857142857142,0.8,0.5945187785714285,203.0
C00873,2,107.0,0.11214953271028037,0.4787123572170301,0.6,1.6678234652128763,1231.61
C00877,0,16.8,0.11904761904761904,0.5119047619047619,0.6,0.98037125,145.0
C00880,2,31.5,0.09523809523809523,0.38412698412698415,1.0,1.5220620285714286,1490.0
C00881,1,18.0,0.08641975308641975,0.21604938271604937,0.6,0.7100433765432099,261.0
C00882,1,7.0,0.12698412698412698,0.30158730158730157,0.6,0.7760186984126984,261.0
C00884,1,4.777777777777778,0.13953488372093023,0.2558139534883721,0.4,0.5821815813953488,261.0
C00889,1,32.0,0.109375,0.171875,0.6,0.53580634375,58.0
C00894,0,9.0,0.16666666666666666,0.4444444444444444,0.2,0.7083831111111111,174.0
C00898,1,10.625,0.16470588235294117,0.08235294117647059,0.4,0.43346615294117646,232.0
C00900,0,20.142857142857142,0.15602836879432624,0.5602836879432624,0.6,0.8901658652482269,203.0
C00901,0,25.0,0.16,0.4,0.4,0.56442024,29.0
C00905,2,57.875,0.11663066954643629,0.2570194384449244,1.0,1.0851029222462203,1192.0
C00906,1,23.0,0.11956521739130435,0.15217391304347827,0.8,0.5347883532608695,232.0
C00908,2,108.22222222222223,0.10985626283367557,0.5236139630390144,0.8,2.637092886036961,10800.0
C00912,0,20.666666666666668,0.11290322580645161,0.5806451612903226,0.4,0.9353941451612903,87.0
C00915,0,17.0,0.11764705882352941,0.5588235294117647,0.4,0.6170944411764705,58.0
C00917,1,15.0,0.06666666666666667,0.3,1.0,0.5074617,58.0
C00920,0,27.142857142857142,0.16842105263157894,0.5473684210526316,0.4,0.9626540842105263,206.5
C00933,2,89.88888888888889,0.11248454882571075,0.1903584672435105,0.8,1.0083415550061805,1341.0
C00934,0,6.125,0.16326530612244897,0.3877551020408163,0.6,0.886700530612245,232.0
C00939,1,40.0,0.15625,0.2875,0.8,0.70345180625,125.5
C00940,2,68.0,0.12745098039215685,0.4035947712418301,0.8,1.4901253480392158,1341.0
C00941,0,12.75,0.19607843137254902,0.5686274509803921,0.4,0.9216048235294118,116.0
C00942,2,75.11111111111111,0.09319526627218935,0.19230769230769232,0.6,1.558189782544379,10800.0
C00943,1,13.625,0.12844036697247707,0.29357798165137616,0.6,0.639913128440367,232.0
C00944,2,115.11111111111111,0.12451737451737452,0.2673745173745174,1.0,1.1446983484555984,1342.76
C00954,2,34.77777777777778,0.0926517571884984,0.38338658146964855,1.0,1.2919616709265176,1341.0
C00957,1,30.0,0.125,0.20416666666666666,1.0,0.6102526333333333,232.0
C00958,0,19.25,0.22077922077922077,0.36363636363636365,0.6,0.6508415064935065,232.0
C00960,2,148.22222222222223,0.10194902548725637,0.2631184407796102,1.0,1.7429061686656673,10800.0
C00964,0,15.5,0.14516129032258066,0.6048387096774194,0.4,1.212255806451613,232.0
C00965,0,16.125,0.11627906976744186,0.5968992248062015,0.6,1.205686488372093,232.0
C00966,1,16.857142857142858,0.06779661016949153,0.1864406779661017,0.2,0.5376773559322034,203.0
C00967,0,23.25,0.22580645161290322,0.5161290322580645,0.8,1.3458318924731183,116.0
C00970,2,82.66666666666667,0.13306451612903225,0.5349462365591398,0.8,1.8249834475806452,1343.42
C00978,1,13.666666666666666,0.0975609756097561,0.21951219512195122,0.8,0.5617166707317073,174.0
C00981,1,17.75,0.09859154929577464,0.24647887323943662,0.4,0.6128483591549296,232.0
C00982,1,25.125,0.16417910447761194,0.22388059701492538,0.6,0.6477715323383084,232.0
C00985,1,12.875,0.08737864077669903,0.23300970873786409,0.6,0.5299464854368932,232.0
C00986,1,7.714285714285714,0.18518518518518517,0.2222222222222222,0.8,0.7290403518518518,203.0
C00987,1,4.714285714285714,0.09090909090909091,0.15151515151515152,1.0,0.4021167272727273,203.0
C00988,1,36.0,0.06944444444444445,0.2638888888888889,0.6,1.1443004444444445,298.0
C00991,1,31.571428571428573,0.14027149321266968,0.27149321266968324,0.6,0.7172784841628959,213.0
C00995,2,32.666666666666664,0.14625850340136054,0.5510204081632653,0.6,1.80042368707483,1341.0
C00997,1,24.875,0.10552763819095477,0.2914572864321608,0.8,0.576114391959799,232.0
C00998,1,27.75,0.11711711711711711,0.2072072072072072,0.8,0.5031738918918919,232.0
C01001,2,233.22222222222223,0.10576464983325393,0.3854216293473082,1.0,2.0913045678894715,10847.34
C01008,0,21.0,0.19047619047619047,0.5238095238095238,0.4,0.9166438571428572,29.0
C01010,1,17.5,0.10714285714285714,0.4142857142857143,1.0,0.7833190571428572,232.0
C01013,1,13.285714285714286,0.0967741935483871,0.24731182795698925,0.4,0.5666805483870967,203.0
C01016,2,72.375,0.13298791018998274,0.4939550949913644,1.0,1.6028701433506045,1192.0
C01021,1,9.285714285714286,0.16923076923076924,0.26153846153846155,0.4,0.6375337538461537,203.0
C01025,0,17.142857142857142,0.15833333333333333,0.375,0.2,0.7656368666666666,203.0
C01026,0,19.5,0.1794871794871795,0.3076923076923077,0.4,0.6724304358974359,58.0
C01030,1,17.8,0.10112359550561797,0.23595505617977527,0.8,0.5416701011235955,145.0
C01033,1,9.428571428571429,0.13636363636363635,0.42424242424242425,1.0,0.7693754696969697,203.0
C01040,2,38.625,0.11003236245954692,0.5631067961165048,1.0,1.6779078511326861,1192.0
C01042,1,23.714285714285715,0.15060240963855423,0.2710843373493976,0.4,0.7790536325301205,203.0
C01044,1,18.0,0.05555555555555555,0.4166666666666667,0.4,0.588874,58.0
C01051,2,41.0,0.10060975609756098,0.3932926829268293,1.0,1.4484179481707318,1192.0
C01052,2,34.5,0.13043478260869565,0.3695652173913043,0.8,1.4698440652173914,1192.0
C01053,1,38.0,0.15350877192982457,0.34210526315789475,0.8,0.7083910921052632,190.75
C01056,0,11.666666666666666,0.2,0.4142857142857143,0.6,0.8812034285714286,174.0
C01057,1,32.285714285714285,0.10176991150442478,0.21238938053097345,0.8,0.6156155044247789,203.0
C01059,2,31.0,0.06854838709677419,0.4314516129032258,0.8,1.403477935483871,1192.0
C01062,1,44.5,0.11235955056179775,0.2808988764044944,0.8,0.8418151161048689,303.25
C01066,0,20.0,0.15,0.5,0.6,0.84102455,29.0
C01072,1,13.0,0.20512820512820512,0.23076923076923078,0.8,0.6224407692307693,87.0
C01075,1,14.571428571428571,0.13725490196078433,0.19607843137254902,0.6,0.5399159215686274,203.0
C01078,1,25.714285714285715,0.15,0.39444444444444443,0.8,0.8350762833333333,203.0
C01082,2,73.2,0.16939890710382513,0.5409836065573771,0.6,1.8091776502732242,745.0
C01084,2,99.57142857142857,0.14777618364418937,0.5050215208034433,1.0,1.645869912482066,909.6899999999999
C01087,1,13.333333333333334,0.1,0.425,0.8,0.85679275,87.0
C01091,0,27.0,0.16049382716049382,0.5308641975308642,0.6,0.9545712283950617,174.0
C01094,2,63.5,0.12992125984251968,0.5196850393700787,0.6,1.693001472440945,1192.0
C01096,0,10.142857142857142,0.19718309859154928,0.4647887323943662,0.4,0.8184645492957746,203.0
C01097,1,6.0,0.14285714285714285,0.23809523809523808,0.2,0.4650636904761905,203.0
C01102,1,21.428571428571427,0.12,0.21333333333333335,0.8,0.4926642533333333,203.0
C01105,2,78.625,0.0794912559618442,0.24165341812400637,1.0,1.0842981891891892,1192.0
C01107,1,49.57142857142857,0.14121037463976946,0.37752161383285304,0.6,0.7664465734870316,309.75
C01108,0,28.285714285714285,0.17676767676767677,0.494949494949495,0.8,0.8577686868686869,205.25
C01110,1,36.833333333333336,0.09954751131221719,0.3076923076923077,0.8,0.6796100904977375,183.5
C01116,1,20.625,0.08484848484848485,0.19393939393939394,0.8,0.934001406060606,1192.0
C01118,1,44.0,0.11363636363636363,0.21212121212121213,0.8,0.5154664696969696,99.5
C01121,1,22.5,0.08888888888888889,0.24444444444444444,0.8,1.0732742592592592,894.0
C01123,0,27.714285714285715,0.16494845360824742,0.5257731958762887,0.6,0.8852517319587628,203.0
C01128,0,15.285714285714286,0.14018691588785046,0.5046728971962616,0.4,0.8843395140186916,203.0
C01129,1,31.428571428571427,0.16818181818181818,0.19545454545454546,0.8,0.5485982590909091,204.5
C01130,0,13.166666666666666,0.16455696202531644,0.5443037974683544,0.8,0.9542741265822784,174.0
C01131,1,20.0,0.1,0.25,0.6,0.6389692499999999,58.0
C01134,1,18.0,0.1388888888888889,0.2222222222222222,0.6,0.6396644583333333,116.0
C01139,0,26.8,0.20149253731343283,0.4626865671641791,0.8,0.9710685447761195,145.0
C01142,2,92.0,0.14492753623188406,0.24094202898550723,0.6,0.8972086829710144,510.63
C01145,1,12.5,0.09333333333333334,0.17333333333333334,0.8,0.5310682266666666,174.0
C01148,2,322.7142857142857,0.09251881363435148,0.24833997343957503,0.4,1.6356462306330233,8757.48
C01150,1,18.333333333333332,0.10909090909090909,0.3181818181818182,0.8,0.8071151090909091,174.0
C01151,0,25.0,0.24,0.5666666666666667,0.8,1.05466086,174.0
C01154,0,30.333333333333332,0.15384615384615385,0.37362637362637363,0.6,0.8625537967032967,176.5
C01159,1,16.666666666666668,0.13,0.31,1.0,0.71197892,174.0
C01160,1,20.8,0.1346153846153846,0.23076923076923078,0.8,1.0613871923076923,745.0
C01161,1,11.0,0.0,0.2727272727272727,0.6,0.43341436363636365,29.0
C01162,2,116.71428571428571,0.09179926560587515,0.19951040391676866,1.0,1.5008851921664625,8400.0
C01164,1,15.833333333333334,0.1368421052631579,0.14736842105263157,1.0,0.634108252631579,174.0
C01166,1,38.833333333333336,0.14163090128755365,0.2703862660944206,0.8,0.5874871030042917,188.75
C01169,0,26.333333333333332,0.1518987341772152,0.5189873417721519,0.8,0.8098394556962025,87.0
C01173,0,18.666666666666668,0.1875,0.35714285714285715,0.6,0.9462286696428571,174.0
C01174,2,48.42857142857143,0.10619469026548672,0.5132743362831859,0.6,1.7530155840707966,1043.0
C01179,2,256.0,0.09430803571428571,0.3716517857142857,0.8,2.0758161104910715,8523.66
C01180,0,18.5,0.1981981981981982,0.43243243243243246,0.6,0.728379018018018,174.0
C01182,2,51.0,0.06535947712418301,0.2875816993464052,1.0,1.2706902549019607,447.0
C01183,0,21.0,0.2857142857142857,0.47619047619047616,0.0,0.8180554761904762,29.0
C01186,1,13.0,0.07692307692307693,0.2948717948717949,0.8,0.8125235128205128,174.0
C01189,1,22.666666666666668,0.10294117647058823,0.20588235294117646,1.0,0.44943275,87.0
C01190,2,42.42857142857143,0.16161616161616163,0.531986531986532,0.6,1.826795835016835,1043.0
C01191,2,131.28571428571428,0.08378672470076169,0.23939064200217627,1.0,1.589463383025027,8400.0
C01192,2,72.66666666666667,0.13302752293577982,0.2775229357798165,0.8,0.8866622981651376,458.82
C01193,0,30.5,0.19672131147540983,0.22950819672131148,0.2,0.49105645901639344,58.0
C01195,1,15.333333333333334,0.10869565217391304,0.42391304347826086,0.6,0.8122230434782608,174.0
C01197,0,23.5,0.1702127659574468,0.3900709219858156,0.6,0.8381691205673758,174.0
C01199,1,34.333333333333336,0.13592233009708737,0.28640776699029125,1.0,0.6230561262135922,184.0
C01202,2,40.857142857142854,0.12237762237762238,0.5629370629370629,0.8,1.5389495734265735,1043.0
C01208,1,18.0,0.16666666666666666,0.2222222222222222,0.2,0.43682644444444446,29.0
C01211,2,118.66666666666667,0.11938202247191011,0.20926966292134833,0.8,0.9359103441011236,712.0
C01220,0,10.166666666666666,0.13114754098360656,0.5573770491803278,0.4,0.9640776065573771,174.0
C01221,0,12.166666666666666,0.2191780821917808,0.4520547945205479,0.6,0.7060934109589042,174.0
C01225,2,58.0,0.1206896551724138,0.49261083743842365,0.8,1.6193172241379312,1043.0
C01226,2,290.7142857142857,0.085995085995086,0.26584766584766584,1.0,1.7414787336609336,8609.34
C01229,0,26.5,0.18867924528301888,0.3710691823899371,0.8,0.7500293144654088,174.0
C01232,1,20.666666666666668,0.12903225806451613,0.2903225806451613,0.6,0.7103816290322581,87.0
C01236,0,65.0,0.21025641025641026,0.3384615384615385,0.8,0.7561693641025641,168.75
C01237,2,30.714285714285715,0.15813953488372093,0.5534883720930233,0.6,1.7296578325581395,1043.0
C01239,1,14.166666666666666,0.11764705882352941,0.24705882352941178,0.2,0.6551832235294117,174.0
C01240,2,170.71428571428572,0.10292887029288703,0.499581589958159,0.8,2.493734938912134,8400.0
C01249,2,61.57142857142857,0.14153132250580047,0.54292343387471,0.2,1.8312394361948956,1043.0
C01252,1,9.0,0.018518518518518517,0.14814814814814814,0.6,0.43460451851851856,174.0
C01254,0,21.0,0.1349206349206349,0.5396825396825397,1.0,1.0080250476190475,174.0
C01255,0,13.166666666666666,0.21518987341772153,0.6075949367088608,0.8,1.1322943037974684,174.0
C01256,0,8.833333333333334,0.20754716981132076,0.5094339622641509,0.4,1.0092935283018867,174.0
C01260,0,34.666666666666664,0.15865384615384615,0.3798076923076923,0.6,0.8364676971153846,184.25
C01261,2,25.5,0.12418300653594772,0.43790849673202614,0.6,1.572138183006536,894.0
C01262,1,14.666666666666666,0.1590909090909091,0.20454545454545456,0.8,0.5446258636363637,117.0
C01264,1,11.0,0.12727272727272726,0.2,0.6,0.5505645818181818,195.0
C01268,1,13.2,0.12121212121212122,0.2878787878787879,0.6,0.5350111212121212,195.0
C01269,2,41.666666666666664,0.124,0.376,1.0,1.272711788,894.0
C01270,2,332.0,0.10542168674698796,0.3569277108433735,0.8,1.9669282996987951,5733.74
C01271,0,65.6,0.15853658536585366,0.5640243902439024,0.6,1.015432743902439,342.75
C01272,2,115.5,0.11544011544011544,0.38672438672438675,0.8,1.406334857142857,930.3
C01276,2,129.83333333333334,0.10269576379974327,0.2503209242618742,1.0,1.7262205879332477,7200.0
C01277,2,122.83333333333333,0.10176390773405698,0.378561736770692,0.6,1.4407610461329716,939.1
C01278,0,23.5,0.1276595744680851,0.5,0.6,0.7557706382978723,116.0
C01280,0,51.2,0.17578125,0.4921875,0.6,0.93763580859375,246.25
C01281,0,31.4,0.17834394904458598,0.42038216560509556,0.8,0.9007603121019108,154.75
C01282,1,78.0,0.14102564102564102,0.23076923076923078,0.6,0.6732605897435898,57.75
C01287,0,14.333333333333334,0.23255813953488372,0.4883720930232558,0.6,0.7310668139534884,87.0
C01288,2,128.0,0.1015625,0.421875,1.0,2.298869895833333,7200.0
C01289,1,14.6,0.1506849315068493,0.2328767123287671,0.6,0.4868640136986301,195.0
C01292,2,176.0,0.11079545454545454,0.53125,0.6,2.5302090729166666,7200.0
C01294,0,12.0,0.25,0.6388888888888888,0.2,1.1767548055555557,87.0
C01295,1,23.2,0.07758620689655173,0.19827586206896552,0.8,0.543180801724138,145.0
C01298,0,14.0,0.18571428571428572,0.5428571428571428,0.6,0.9241824857142857,145.0
C01300,1,26.0,0.09615384615384616,0.28846153846153844,0.6,0.5690310576923077,78.0
C01301,2,169.16666666666666,0.0729064039408867,0.24729064039408866,1.0,1.6974420384236453,7200.0
C01302,2,128.33333333333334,0.11298701298701298,0.36493506493506495,0.6,1.4446460714285714,970.78
C01306,2,141.66666666666666,0.09411764705882353,0.3941176470588235,0.4,2.1402940235294117,7200.0
C01308,1,20.4,0.11764705882352941,0.2647058823529412,0.6,0.6365149509803922,145.0
C01309,1,9.6,0.041666666666666664,0.2708333333333333,0.6,0.6304272083333333,195.0
C01313,0,16.6,0.14457831325301204,0.5542168674698795,0.6,0.9466446385542169,145.0
C01316,1,21.6,0.1111111111111111,0.4444444444444444,0.8,0.6707327962962963,195.0
C01318,1,18.4,0.07608695652173914,0.17391304347826086,0.8,0.48183966304347825,145.0
C01323,0,18.2,0.18681318681318682,0.4725274725274725,0.0,0.9079513406593406,145.0
C01326,1,13.5,0.05555555555555555,0.2962962962962963,0.8,0.5097222777777778,116.0
C01327,2,18.0,0.17592592592592593,0.5,1.0,1.478270527777778,894.0
C01328,2,87.0,0.08045977011494253,0.6091954022988506,0.8,1.7803018505747126,149.0
C01330,0,9.0,0.16666666666666666,0.5,0.6,0.9822004444444445,116.0
C01338,2,123.5,0.07827260458839407,0.19838056680161945,0.6,1.4926711673414303,7200.0
C01339,1,74.6,0.12332439678284182,0.2546916890080429,0.8,0.652751037533512,365.5
C01340,0,10.2,0.13725490196078433,0.3333333333333333,0.4,1.048373843137255,145.0
C01342,2,87.16666666666667,0.08221797323135756,0.2084130019120459,0.8,1.598298464627151,7200.0
C01344,1,29.0,0.16551724137931034,0.21379310344827587,0.4,0.6327708965517241,195.0
C01350,1,49.2,0.13008130081300814,0.17886178861788618,0.6,0.5581335650406505,229.25
C01358,2,33.2,0.12650602409638553,0.463855421686747,1.0,1.0329335903614456,197.5
C01362,2,48.0,0.1076388888888889,0.22569444444444445,0.8,1.1593617395833333,894.0
C01363,0,41.5,0.18072289156626506,0.3855421686746988,0.6,0.761279843373494,58.0
C01364,2,33.833333333333336,0.1477832512315271,0.5862068965517241,0.6,1.7421329014778326,894.0
C01365,0,34.4,0.20348837209302326,0.5581395348837209,0.6,0.8837886337209302,159.25
C01366,1,13.0,0.07692307692307693,0.23076923076923078,0.8,0.5143229692307693,145.0
C01368,1,12.6,0.14285714285714285,0.38095238095238093,0.8,0.6972168412698413,195.0
C01369,1,10.6,0.1509433962264151,0.37735849056603776,0.8,0.8179915660377358,145.0
C01370,1,33.0,0.12121212121212122,0.18181818181818182,0.6,0.2985089393939394,39.0
C01371,2,628.6666666666666,0.09146341463414634,0.2526511134676564,0.8,1.7016566200954402,8826.48
C01373,2,153.0,0.09041394335511982,0.19607843137254902,0.6,0.9910126590413944,1005.3199999999999
C01374,0,12.75,0.17647058823529413,0.5294117647058824,0.2,0.9498328823529412,116.0
C01378,2,100.5,0.14759535655058043,0.472636815920398,1.0,1.5730548656716419,894.0
C01379,2,66.5,0.09022556390977443,0.2932330827067669,0.8,1.140928917293233,298.0
C01380,2,195.0,0.09743589743589744,0.38974358974358975,0.6,2.1014066871794874,2400.0
C01381,2,70.16666666666667,0.13064133016627077,0.32066508313539194,0.2,1.150022002375297,894.0
C01382,1,13.8,0.08695652173913043,0.2608695652173913,0.8,0.5358470579710145,195.0
C01388,1,19.6,0.08163265306122448,0.45918367346938777,1.0,0.8283492653061225,195.0
C01393,1,7.6,0.21052631578947367,0.2894736842105263,0.8,0.5561408421052632,195.0
C01394,1,20.5,0.12195121951219512,0.4024390243902439,0.8,0.6919476951219512,116.0
C01396,1,45.6,0.15350877192982457,0.22807017543859648,1.0,0.5870327280701754,223.5
C01404,1,18.0,0.16666666666666666,0.19444444444444445,0.4,0.6653701944444445,58.0
C01407,2,112.2,0.1265597147950089,0.2887700534759358,0.8,1.2186281194295898,745.0
C01408,0,13.333333333333334,0.175,0.55,0.8,1.064190225,87.0
C01414,1,18.0,0.1388888888888889,0.19444444444444445,0.8,0.36209044444444444,78.0
C01415,0,54.333333333333336,0.20245398773006135,0.5644171779141104,0.8,1.0267133312883436,164.0
C01418,0,12.5,0.1,0.66,0.6,0.8062795,156.0
C01419,2,42.25,0.09467455621301775,0.4378698224852071,1.0,2.1948844674556214,4800.0
C01421,0,14.0,0.35714285714285715,0.35714285714285715,0.4,0.6167702857142857,29.0
C01425,2,158.4,0.09090909090909091,0.2689393939393939,0.8,1.8185332323232322,6000.0
C01431,1,25.75,0.1941747572815534,0.1650485436893204,0.8,0.6193721067961165,156.0
C01435,0,23.5,0.2127659574468085,0.4787234042553192,0.8,0.8155352340425532,116.0
C01436,1,29.75,0.1092436974789916,0.12605042016806722,0.6,0.4676183361344538,156.0
C01437,2,140.0,0.11857142857142858,0.40285714285714286,0.6,1.490759252857143,870.4
C01439,1,30.0,0.13333333333333333,0.2,0.8,0.49695518333333333,58.0
C01441,0,10.0,0.125,0.475,0.6,0.741432675,116.0
C01442,1,22.25,0.14606741573033707,0.4157303370786517,0.8,0.7419538089887641,116.0
C01444,2,73.4,0.1444141689373297,0.3678474114441417,0.6,1.3119665286103541,745.0
C01446,1,22.5,0.1,0.2222222222222222,0.6,0.6828518222222223,116.0
C01448,1,26.75,0.14953271028037382,0.16822429906542055,0.6,0.6605805887850468,116.0
C01449,1,74.0,0.10810810810810811,0.21621621621621623,0.6,0.9960113513513514,149.0
C01456,0,37.75,0.152317880794702,0.5165562913907285,1.0,0.9196328476821193,142.5
C01459,2,156.2,0.1088348271446863,0.38156209987195905,0.6,2.133223101152369,6000.0
C01465,0,28.75,0.21739130434782608,0.30434782608695654,0.6,0.6408594347826088,116.0
C01468,0,23.75,0.15789473684210525,0.631578947368421,0.6,1.0761027578947369,118.25
C01471,2,192.4,0.10395010395010396,0.527027027027027,0.6,2.5834931392931395,6000.0
C01474,2,129.8,0.08012326656394453,0.2773497688751926,1.0,1.7294638628659476,6000.0
C01477,2,55.0,0.10181818181818182,0.36,0.6,1.2819227418181818,745.0
C01478,0,15.5,0.27419354838709675,0.5483870967741935,0.6,1.2170610483870967,156.0
C01481,2,315.0,0.10158730158730159,0.2742857142857143,1.0,1.6913322965079365,6245.5199999999995
C01483,0,20.5,0.18292682926829268,0.43902439024390244,0.8,0.7964015975609756,116.0
C01484,1,32.5,0.1,0.24615384615384617,0.6,0.5850921615384616,116.0
C01489,1,34.75,0.11510791366906475,0.28776978417266186,0.8,0.6500755251798561,118.75
C01490,0,23.666666666666668,0.2112676056338028,0.5492957746478874,0.6,0.9111361971830986,87.0
C01493,0,5.25,0.3333333333333333,0.14285714285714285,0.6,0.4735298571428571,116.0
C01496,1,18.5,0.17567567567567569,0.25675675675675674,0.6,0.6357651486486486,156.0
C01505,0,43.0,0.16279069767441862,0.3953488372093023,0.8,0.7668795813953488,29.0
C01507,2,465.0,0.08903225806451613,0.36129032258064514,1.0,2.0763390412903227,6894.780000000001
C01512,2,24.8,0.1774193548387097,0.4112903225806452,0.8,1.4303650403225805,745.0
C01513,2,83.5,0.15269461077844312,0.45808383233532934,0.6,1.2785628383233534,390.53999999999996
C01518,2,70.0,0.12285714285714286,0.18285714285714286,1.0,0.9123777942857142,745.0
C01519,1,22.25,0.10112359550561797,0.449438202247191,0.8,0.7451077415730337,116.0
C01524,0,9.75,0.15384615384615385,0.46153846153846156,1.0,0.8694472307692308,156.0
C01526,1,12.5,0.16,0.22,0.8,0.63139966,116.0
C01529,1,51.8,0.11583011583011583,0.1776061776061776,0.4,1.0315945289575288,745.0
C01530,0,14.75,0.1864406779661017,0.423728813559322,0.6,0.9272755254237287,156.0
C01532,0,17.0,0.16176470588235295,0.4264705882352941,0.4,0.9004055294117647,116.0
C01534,2,45.0,0.14666666666666667,0.39111111111111113,0.8,1.5880684311111113,745.0
C01537,2,35.0,0.14285714285714285,0.52,0.6,1.882339217142857,745.0
C01543,0,32.0,0.1875,0.296875,0.4,0.69861071875,58.0
C01545,1,19.0,0.17543859649122806,0.3157894736842105,1.0,0.6867576315789473,87.0
C01553,1,11.0,0.045454545454545456,0.4090909090909091,1.0,0.6943785454545455,78.0
C01558,2,256.25,0.09463414634146342,0.2809756097560976,0.8,1.7244369941463416,4830.0599999999995
C01561,2,34.25,0.10948905109489052,0.5036496350364964,1.0,1.5311091897810218,596.0
C01562,1,28.333333333333332,0.15294117647058825,0.2235294117647059,0.8,0.49664275294117644,117.0
C01563,1,13.0,0.07692307692307693,0.20512820512820512,1.0,0.5245111538461539,87.0
C01569,2,57.0,0.13157894736842105,0.543859649122807,0.8,1.7115466798245613,596.0
C01572,0,40.666666666666664,0.16393442622950818,0.4672131147540984,0.6,0.8712592131147541,104.25
C01573,2,144.75,0.0846286701208981,0.23488773747841105,1.0,1.586092640759931,4800.0
C01575,1,12.0,0.16666666666666666,0.3333333333333333,0.8,0.34802333333333335,39.0
C01576,1,37.0,0.13513513513513514,0.4594594594594595,0.8,0.6463145135135135,80.25
C01577,1,10.0,0.13333333333333333,0.26666666666666666,0.8,0.3925224,117.0
C01578,1,21.333333333333332,0.171875,0.21875,0.4,0.51085621875,87.0
C01580,2,54.0,0.12037037037037036,0.5185185185185185,0.4,1.648332125,596.0
C01581,1,46.25,0.11351351351351352,0.2918918918918919,0.4,0.967752772972973,596.0
C01582,2,33.75,0.0962962962962963,0.3111111111111111,1.0,1.1583376814814814,596.0
C01587,1,43.333333333333336,0.12307692307692308,0.34615384615384615,0.6,0.6965035384615385,105.0
C01588,0,25.333333333333332,0.18421052631578946,0.47368421052631576,0.6,0.7785157236842105,87.25
C01598,2,64.75,0.0888030888030888,0.41312741312741313,0.4,2.1273607220077224,4800.0
C01599,1,17.0,0.058823529411764705,0.29411764705882354,0.8,0.3078888823529412,29.0
C01601,1,26.666666666666668,0.15,0.225,0.4,0.5237917125,87.0
C01603,0,13.333333333333334,0.225,0.325,0.8,0.65703885,87.0
C01607,1,15.666666666666666,0.10638297872340426,0.2127659574468085,0.6,0.5103742978723405,87.0
C01608,2,209.25,0.07287933094384708,0.21505376344086022,0.8,1.6022946583034647,4800.0
C01612,0,42.5,0.1411764705882353,0.5058823529411764,0.8,0.9042888235294116,88.5
C01613,1,43.0,0.11627906976744186,0.13953488372093023,0.8,0.391398976744186,29.0
C01615,0,26.0,0.15384615384615385,0.5512820512820513,0.2,0.9473975897435898,117.0
C01616,2,43.25,0.12138728323699421,0.3179190751445087,0.8,1.0041315664739885,596.0
C01620,0,23.333333333333332,0.15714285714285714,0.5428571428571428,0.8,0.8593114999999999,117.0
C01621,2,62.333333333333336,0.1497326203208556,0.47058823529411764,0.6,1.2230988288770053,236.75
C01624,1,11.0,0.18181818181818182,0.2727272727272727,1.0,0.44924145454545455,29.0
C01625,1,9.333333333333334,0.14285714285714285,0.25,0.6,0.4491127857142857,117.0
C01627,0,41.0,0.18292682926829268,0.32926829268292684,0.6,0.5507183536585365,65.5
C01628,1,31.0,0.0967741935483871,0.25806451612903225,0.6,0.5068094838709678,78.0
C01639,1,13.666666666666666,0.0975609756097561,0.4146341463414634,0.8,0.7552552195121951,87.0
C01644,0,32.5,0.13846153846153847,0.4461538461538462,0.6,0.8505540153846154,58.0
C01645,0,63.666666666666664,0.16230366492146597,0.5759162303664922,0.4,1.3160490104712042,261.0
C01646,0,19.0,0.23684210526315788,0.5263157894736842,0.6,0.998621105263158,58.0
C01648,0,24.0,0.08333333333333333,0.5208333333333334,0.6,0.8189649583333334,58.0
C01649,1,71.33333333333333,0.1308411214953271,0.24766355140186916,0.6,0.9220989579439252,239.25
C01650,2,131.66666666666666,0.11392405063291139,0.28354430379746837,0.6,0.9554771670886075,433.5
C01652,1,38.666666666666664,0.10344827586206896,0.49137931034482757,1.0,0.8657878620689655,100.75
C01656,0,10.666666666666666,0.15625,0.40625,0.8,0.87111325,117.0
C01657,2,26.0,0.07692307692307693,0.25,1.0,1.2081325673076924,596.0
C01658,0,27.0,0.12345679012345678,0.5555555555555556,0.6,1.1054762592592593,87.0
C01660,2,86.0,0.14534883720930233,0.38372093023255816,0.8,0.8733350697674418,149.25
C01665,1,8.0,0.16666666666666666,0.16666666666666666,0.6,0.5223219583333333,87.0
C01669,1,21.5,0.11627906976744186,0.09302325581395349,0.6,0.35162727906976743,78.0
C01671,0,14.0,0.21428571428571427,0.5238095238095238,0.6,0.8988006428571429,117.0
C01674,2,359.25,0.09324982602644398,0.29436325678496866,0.6,1.7867226443980517,5135.34
C01675,0,36.333333333333336,0.1559633027522936,0.3486238532110092,0.4,0.6866752385321101,117.0
C01677,2,35.75,0.04895104895104895,0.2937062937062937,1.0,1.2025584405594405,596.0
C01684,2,232.5,0.0967741935483871,0.41935483870967744,0.8,2.257720569892473,4841.9400000000005
C01685,1,22.5,0.1111111111111111,0.28888888888888886,0.6,0.5672904666666667,78.0
C01698,0,21.0,0.23809523809523808,0.38095238095238093,0.8,0.4913556666666667,29.0
C01705,0,30.0,0.13333333333333333,0.5666666666666667,0.6,0.7954418000000001,29.0
C01706,2,106.0,0.1320754716981132,0.5062893081761006,0.6,1.6022045283018869,471.2
C01707,2,108.33333333333333,0.10461538461538461,0.4369230769230769,1.0,2.32634052,3600.0
C01708,1,10.0,0.1,0.4,0.8,0.24137930000000002,0.0
C01716,0,12.5,0.16,0.28,0.2,0.47275956,58.0
C01718,1,24.5,0.12244897959183673,0.30612244897959184,0.8,0.6688519387755102,58.0
C01722,1,6.0,0.0,0.25,1.0,0.3447328333333333,58.0
C01723,0,28.0,0.23214285714285715,0.35714285714285715,0.6,0.6869697678571428,58.0
C01725,1,42.0,0.13095238095238096,0.19047619047619047,0.8,0.5720429642857143,63.75
C01727,0,33.0,0.22727272727272727,0.3939393939393939,0.6,0.7978382575757575,58.0
C01730,0,56.0,0.19642857142857142,0.48214285714285715,0.6,0.6779392142857142,37.25
C01731,2,37.0,0.0990990990990991,0.34234234234234234,1.0,1.1904090090090091,447.0
C01736,2,238.0,0.10084033613445378,0.2927170868347339,0.8,1.7102235476190477,3602.34
C01737,1,9.5,0.10526315789473684,0.2631578947368421,0.6,0.5032206842105262,58.0
C01738,1,16.0,0.15625,0.15625,0.8,0.6724656875,58.0
C01739,1,10.5,0.09523809523809523,0.3333333333333333,0.8,0.49471104761904766,58.0
C01741,0,10.5,0.2857142857142857,0.5238095238095238,0.4,0.9200813333333334,58.0
C01742,1,27.5,0.12727272727272726,0.2909090909090909,0.6,0.5678764909090909,58.0
C01743,1,60.0,0.11666666666666667,0.43333333333333335,0.8,0.5818597000000001,42.0
C01746,0,30.0,0.23333333333333334,0.36666666666666664,0.4,0.7636054666666666,29.0
C01756,0,12.0,0.16666666666666666,0.4166666666666667,0.8,0.5878995833333333,58.0
C01757,1,14.0,0.07142857142857142,0.25,0.6,0.5374648571428572,58.0
C01758,0,23.5,0.19148936170212766,0.40425531914893614,0.8,0.8345110638297872,58.0
C01762,1,20.0,0.025,0.35,0.2,0.5465331499999999,58.0
C01763,1,36.0,0.09722222222222222,0.2777777777777778,0.8,0.4746212083333334,58.0
C01767,0,46.0,0.15217391304347827,0.5108695652173914,0.8,0.7295506739130435,78.75
C01768,0,14.5,0.2413793103448276,0.5517241379310345,0.6,0.9425520344827587,58.0
C01772,1,20.0,0.1,0.4,0.6,0.680159575,58.0
C01778,1,10.5,0.09523809523809523,0.2857142857142857,1.0,0.5715742857142857,58.0
C01781,0,35.0,0.11428571428571428,0.45714285714285713,0.4,0.5349125714285714,29.0
C01782,0,38.5,0.15584415584415584,0.36363636363636365,0.6,0.8383311818181819,63.5
C01789,1,9.0,0.05555555555555555,0.2222222222222222,0.6,0.4622597777777778,58.0
C01790,2,21.666666666666668,0.09230769230769231,0.5384615384615384,0.6,1.8510881384615385,447.0
C01792,2,79.66666666666667,0.13389121338912133,0.34309623430962344,0.8,1.2526732887029288,447.0
C01793,2,63.333333333333336,0.12105263157894737,0.4052631578947368,1.0,1.423669952631579,447.0
C01794,1,14.5,0.034482758620689655,0.20689655172413793,0.8,0.5384452758620689,58.0
C01800,2,44.333333333333336,0.18796992481203006,0.5338345864661654,0.6,1.825245045112782,447.0
C01802,2,114.33333333333333,0.10204081632653061,0.5510204081632653,0.8,2.6780402040816327,3600.0
C01804,0,25.0,0.08,0.52,0.6,0.5998395599999999,29.0
C01805,0,25.0,0.16,0.62,0.8,0.92064864,58.0
C01806,1,44.0,0.13636363636363635,0.2727272727272727,0.8,0.4082096363636364,29.0
C01810,1,16.0,0.0625,0.375,0.6,0.49659975,58.0
C01812,1,17.0,0.11764705882352941,0.3235294117647059,1.0,0.5100617647058823,58.0
C01815,0,16.0,0.0625,0.625,0.8,0.780982,29.0
C01817,1,41.0,0.0975609756097561,0.1951219512195122,0.6,0.5445304390243902,29.0
C01820,2,62.0,0.12365591397849462,0.3655913978494624,1.0,1.4744556236559139,447.0
C01821,1,13.0,0.11538461538461539,0.19230769230769232,0.8,0.548829,58.0
C01824,2,53.666666666666664,0.08695652173913043,0.5714285714285714,0.8,1.5998238881987576,447.0
C01825,1,28.5,0.12280701754385964,0.22807017543859648,0.8,0.5237427192982457,58.0
C01840,1,39.333333333333336,0.13559322033898305,0.2542372881355932,0.4,1.076970254237288,447.0
C01841,0,36.0,0.16666666666666666,0.5833333333333334,0.8,0.8029871944444444,60.75
C01846,0,14.5,0.13793103448275862,0.4827586206896552,0.6,0.8893520344827586,58.0
C01850,1,24.5,0.061224489795918366,0.2653061224489796,0.8,0.5861419999999999,58.0
C01851,1,25.0,0.2,0.28,0.8,0.2490402,0.0
C01854,2,30.666666666666668,0.05434782608695652,0.6086956521739131,0.4,2.0757548152173912,447.0
C01855,1,41.0,0.12195121951219512,0.2804878048780488,0.8,1.0344195609756097,298.0
C01859,1,14.0,0.14285714285714285,0.2857142857142857,0.8,0.3333157857142857,0.0
C01861,1,36.0,0.1111111111111111,0.1388888888888889,0.8,0.4578689722222222,29.0
C01862,1,26.0,0.038461538461538464,0.07692307692307693,0.6,0.5442186153846154,29.0
C01864,2,70.0,0.1,0.2714285714285714,0.6,1.0080555928571429,298.0
C01866,2,63.5,0.1968503937007874,0.6141732283464567,0.8,1.9532430314960632,298.0
C01867,0,25.0,0.32,0.2,0.4,0.41344636,29.0
C01868,2,48.0,0.08333333333333333,0.5,1.0,1.5841174479166666,298.0
C01870,0,22.0,0.13636363636363635,0.5,0.6,0.47230500000000003,29.0
C01873,0,8.0,0.125,0.625,0.6,0.61662675,0.0
C01879,0,39.0,0.20512820512820512,0.48717948717948717,0.6,0.7300594102564103,29.0
C01880,0,28.0,0.21428571428571427,0.5,0.6,1.2147434285714287,29.0
C01881,1,25.0,0.16,0.36,0.8,0.87378404,29.0
C01886,1,32.0,0.15625,0.25,0.8,0.45769903125,29.0
C01887,2,13.5,0.07407407407407407,0.4444444444444444,0.8,1.704987814814815,298.0
C01889,1,56.0,0.17857142857142858,0.19642857142857142,0.6,0.6082018392857143,36.25
C01890,1,31.0,0.12903225806451613,0.2903225806451613,1.0,0.4881636451612903,29.0
C01892,1,40.0,0.15,0.4,1.0,0.6974666,29.0
C01893,1,22.0,0.13636363636363635,0.3181818181818182,0.8,0.587206409090909,29.0
C01894,2,48.5,0.1134020618556701,0.5257731958762887,0.6,1.662305793814433,298.0
C01897,1,17.0,0.11764705882352941,0.4117647058823529,1.0,0.3295114117647059,0.0
C01898,0,6.0,0.16666666666666666,0.5,0.6,0.65191,0.0
C01902,1,61.0,0.11475409836065574,0.32786885245901637,0.4,0.6082140327868852,46.25
C01904,1,64.0,0.125,0.21875,0.8,0.92569259375,298.0
C01908,1,15.0,0.13333333333333333,0.26666666666666666,0.6,0.28626799999999997,29.0
C01909,2,151.0,0.0728476821192053,0.22185430463576158,1.0,1.6261105165562915,2400.0
C01910,0,38.0,0.18421052631578946,0.4473684210526316,0.6,0.833443447368421,29.0
C01912,0,117.0,0.15384615384615385,0.6153846153846154,0.4,0.8447558717948718,125.5
C01913,1,17.0,0.058823529411764705,0.4117647058823529,0.6,0.915843,29.0
C01917,1,45.5,0.14285714285714285,0.2087912087912088,0.8,1.014597021978022,298.0
C01918,0,45.0,0.17777777777777778,0.5333333333333333,0.6,0.8053167333333333,35.75
C01925,1,29.0,0.10344827586206896,0.1724137931034483,0.8,0.40709568965517245,29.0
C01926,0,11.0,0.2727272727272727,0.6363636363636364,0.8,0.700964,29.0
C01928,1,34.0,0.14705882352941177,0.29411764705882354,0.8,0.6531172352941176,29.0
C01929,1,34.0,0.17647058823529413,0.3235294117647059,0.8,0.7093076470588235,29.0
C01933,1,30.0,0.1,0.13333333333333333,0.6,0.5039860666666667,29.0
C01938,1,19.0,0.15789473684210525,0.3157894736842105,0.6,0.8748997894736842,29.0
C01941,0,25.0,0.32,0.6,0.8,0.84084384,29.0
C01942,1,18.0,0.1111111111111111,0.5,0.8,0.4993015,29.0
C01945,1,22.0,0.13636363636363635,0.45454545454545453,1.0,0.6894417272727273,29.0
C01952,1,21.0,0.047619047619047616,0.23809523809523808,0.8,0.5343619523809524,29.0
C01953,0,13.0,0.3076923076923077,0.3076923076923077,0.8,0.7866502307692307,29.0
C01958,0,28.0,0.17857142857142858,0.6428571428571429,0.4,1.025877,29.0
C01959,1,40.0,0.1,0.075,0.4,0.39505172499999996,29.0
C01962,2,87.0,0.1206896551724138,0.5402298850574713,0.4,1.801168568965517,298.0
C01963,0,42.0,0.3333333333333333,0.6190476190476191,0.4,1.1551648333333333,33.0
C01964,1,8.0,0.0,0.25,0.8,0.232906,0.0
C01967,0,18.0,0.2222222222222222,0.3888888888888889,0.8,0.2624452222222222,0.0
C01968,1,25.0,0.08,0.48,0.8,0.6583597999999999,29.0
C01970,1,33.0,0.09090909090909091,0.2727272727272727,0.8,1.0793266363636362,29.0
C01971,0,27.0,0.1111111111111111,0.7407407407407407,0.6,0.9701358518518518,29.0
C01972,0,27.0,0.18518518518518517,0.4444444444444444,0.4,0.917012962962963,29.0
C01974,1,13.0,0.07692307692307693,0.3076923076923077,0.8,0.9983739230769231,29.0
C01976,1,16.0,0.125,0.125,0.6,0.2077683125,0.0
C01979,1,15.0,0.06666666666666667,0.3333333333333333,0.8,0.6784023333333333,29.0
C01984,0,11.0,0.18181818181818182,0.7272727272727273,0.2,0.6000905454545454,29.0
C01985,0,18.0,0.2777777777777778,0.1111111111111111,0.6,0.7077495,29.0
C01986,1,20.0,0.1,0.15,0.8,0.5372873499999999,29.0
C01987,0,29.0,0.13793103448275862,0.5517241379310345,0.8,1.0600034137931034,29.0
C01988,0,35.0,0.2,0.5714285714285714,0.4,1.1525412000000002,29.0
C01989,1,31.0,0.1935483870967742,0.25806451612903225,0.8,0.4862829032258065,29.0
C01993,1,20.0,0.1,0.3,0.8,0.38366475,29.0
C01997,1,11.0,0.09090909090909091,0.2727272727272727,0.8,0.31541263636363637,0.0
C01998,1,15.0,0.13333333333333333,0.2,1.0,0.7609262666666666,29.0
C02003,2,73.0,0.14383561643835616,0.5547945205479452,0.8,1.7944279452054792,298.0
C02011,0,21.0,0.09523809523809523,0.42857142857142855,0.0,0.6714921904761905,29.0
C02012,0,37.0,0.1891891891891892,0.32432432432432434,0.6,0.7333366756756756,29.0
C02017,2,97.5,0.17435897435897435,0.6,0.6,1.8522177128205128,298.0
C02018,2,108.0,0.0787037037037037,0.25462962962962965,1.0,1.9556910972222223,2400.0
C02019,0,32.0,0.125,0.53125,0.6,0.93594703125,29.0
C02021,1,18.0,0.1111111111111111,0.2222222222222222,0.8,0.3217621666666666,29.0
C02023,0,22.0,0.3181818181818182,0.6363636363636364,0.2,0.9045805454545455,29.0
C02024,1,18.0,0.2222222222222222,0.16666666666666666,0.6,0.44660138888888884,29.0
C02028,0,6.0,0.3333333333333333,0.6666666666666666,0.4,1.1729856666666667,0.0
C02029,1,5.0,0.0,0.6,0.8,0.35780900000000004,0.0
C02031,1,6.0,0.0,0.16666666666666666,1.0,0.1508545,0.0
C02035,1,53.0,0.11320754716981132,0.18867924528301888,0.8,1.0841323207547169,149.0
C02037,0,5.0,0.4,0.2,0.6,0.4382732,0.0
C02038,1,7.0,0.14285714285714285,0.14285714285714285,0.6,0.23003914285714286,0.0
C02043,2,99.0,0.12121212121212122,0.46464646464646464,1.0,1.603200717171717,149.0
C02044,1,5.0,0.0,0.2,0.4,0.174479,0.0
C02045,0,5.0,0.2,0.4,0.6,0.23336600000000002,0.0
C02050,1,71.0,0.09859154929577464,0.22535211267605634,0.8,0.8077747042253521,149.0
C02051,0,5.0,0.2,0.8,0.6,0.2148154,0.0
C02057,1,9.0,0.1111111111111111,0.3333333333333333,1.0,0.2933322222222222,0.0
C02058,2,126.0,0.1111111111111111,0.20634920634920634,0.8,1.667437476190476,1200.0
C02070,0,9.0,0.3333333333333333,0.4444444444444444,0.4,0.5658535555555555,0.0
C02076,1,6.0,0.0,0.16666666666666666,1.0,0.22788850000000002,0.0
C02077,1,7.0,0.0,0.42857142857142855,0.4,0.45425685714285713,0.0
C02078,0,5.0,0.2,0.4,0.4,0.5205236,0.0
C02079,2,31.0,0.06451612903225806,0.3548387096774194,0.8,1.644467870967742,149.0
C02081,1,5.0,0.0,0.2,1.0,0.1628578,0.0
C02083,1,5.0,0.0,0.4,0.8,0.20526619999999998,0.0
C02087,0,8.0,0.125,0.75,0.4,0.487953625,0.0
C02088,1,8.0,0.0,0.625,0.8,0.381963125,0.0
C02091,0,7.0,0.2857142857142857,0.42857142857142855,0.4,0.4662864285714286,0.0
C02094,2,227.0,0.09251101321585903,0.29955947136563876,0.6,1.795484577092511,1200.0
C02095,1,8.0,0.125,0.375,1.0,0.22020225,0.0
C02097,1,5.0,0.0,0.2,0.8,0.1851696,0.0
C02101,0,7.0,0.2857142857142857,0.7142857142857143,0.6,0.5502902857142857,0.0
C02104,1,5.0,0.0,0.2,0.6,0.21462340000000002,0.0
C02107,1,63.0,0.07936507936507936,0.23809523809523808,0.6,0.8770197777777777,149.0
C02109,1,7.0,0.14285714285714285,0.2857142857142857,0.6,0.24041185714285712,0.0
C02110,1,53.0,0.09433962264150944,0.1320754716981132,0.6,0.9812442075471699,149.0
C02111,2,113.0,0.11504424778761062,0.6017699115044248,0.6,2.341046398230089,1200.0
C02112,1,8.0,0.0,0.25,0.8,0.215032,0.0
C02114,2,111.0,0.17117117117117117,0.5585585585585585,0.8,1.9597972702702704,155.38
C02115,0,7.0,0.42857142857142855,0.5714285714285714,0.6,0.366552,0.0
C02117,0,9.0,0.2222222222222222,0.4444444444444444,1.0,0.28663133333333335,0.0
C02119,0,5.0,0.2,0.8,0.8,0.6028274,0.0
C02120,1,5.0,0.0,0.2,0.8,0.20908600000000002,0.0
C02122,1,11.0,0.09090909090909091,0.09090909090909091,0.6,0.30900863636363635,0.0
C02123,0,6.0,0.16666666666666666,0.5,0.2,0.34612516666666665,0.0
C02124,0,5.0,0.4,0.6,0.6,0.325457,0.0
C02127,1,5.0,0.2,0.2,0.8,0.22967680000000001,0.0
C02131,2,205.0,0.13170731707317074,0.5804878048780487,0.4,2.8548390536585364,1200.0
C02147,0,5.0,0.2,0.4,0.4,0.46420700000000004,0.0
C02152,2,113.0,0.05309734513274336,0.24778761061946902,0.6,1.5758671769911505,1200.0
C02153,0,6.0,0.5,0.5,0.2,0.5467306666666666,0.0
C02157,2,107.0,0.11214953271028037,0.616822429906542,0.8,3.211313570093458,1200.0
C02158,2,906.0,0.08719646799116998,0.18101545253863136,0.6,1.4287439470198675,1627.14
C02164,2,122.0,0.11475409836065574,0.26229508196721313,0.6,0.973995737704918,149.0
C02169,0,5.0,0.2,0.4,0.6,0.184317,0.0
C02171,1,5.0,0.0,0.2,0.4,0.3744318,0.0
C02172,2,245.0,0.11020408163265306,0.17142857142857143,0.6,1.505188444897959,1200.0
C02175,0,8.0,0.375,0.375,0.6,0.357115125,0.0
C02176,1,8.0,0.125,0.25,0.6,0.26010662500000004,0.0
C02178,0,6.0,0.3333333333333333,0.0,0.4,0.2239845,0.0
C02180,1,5.0,0.0,0.6,0.8,0.6197218,0.0
C02182,0,8.0,0.25,0.375,0.8,0.26089475,0.0
C02183,1,7.0,0.0,0.5714285714285714,0.6,0.6083264285714286,0.0
C02184,0,5.0,0.2,0.4,0.8,0.4689726,0.0
C02186,1,38.0,0.05263157894736842,0.39473684210526316,1.0,0.9824507105263157,149.0
C02190,1,5.0,0.0,0.2,1.0,0.17618240000000002,0.0
C02191,0,5.0,0.2,0.6,0.8,0.6640978,0.0
C02195,0,7.0,0.2857142857142857,0.8571428571428571,0.6,0.49510442857142856,0.0
C02197,0,9.0,0.3333333333333333,0.2222222222222222,0.6,0.3658413333333333,0.0
C02199,0,8.0,0.125,0.5,0.8,0.343602625,0.0
C02206,0,8.0,0.25,0.625,0.8,0.7774875,0.0
C02207,1,5.0,0.2,0.2,0.6,0.2474222,0.0
