t,n_at_risk,events,survival,group
1,113,16,0.8584070796460177,Not activated (<3/5)
2,97,7,0.7964601769911505,Not activated (<3/5)
3,86,6,0.7408931878987446,Not activated (<3/5)
4,74,4,0.7008449074717854,Not activated (<3/5)
5,66,0,0.7008449074717854,Not activated (<3/5)
6,62,3,0.6669330571102474,Not activated (<3/5)
7,53,0,0.6669330571102474,Not activated (<3/5)
8,42,2,0.6351743401049975,Not activated (<3/5)
9,37,6,0.5321730957636466,Not activated (<3/5)
10,25,0,0.5321730957636466,Not activated (<3/5)
11,22,0,0.5321730957636466,Not activated (<3/5)
12,19,2,0.47615487515694693,Not activated (<3/5)
13,15,1,0.4444112168131505,Not activated (<3/5)
14,11,0,0.4444112168131505,Not activated (<3/5)
15,9,0,0.4444112168131505,Not activated (<3/5)
16,8,3,0.27775701050821905,Not activated (<3/5)
17,4,1,0.2083177578811643,Not activated (<3/5)
18,3,0,0.2083177578811643,Not activated (<3/5)
19,1,0,0.2083177578811643,Not activated (<3/5)
1,553,17,0.969258589511754,Activated (>=3/5)
2,536,25,0.9240506329113923,Activated (>=3/5)
3,462,22,0.8800482218203736,Activated (>=3/5)
4,410,10,0.8585836310442668,Activated (>=3/5)
5,363,13,0.8278354569297338,Activated (>=3/5)
6,313,11,0.7987421980599988,Activated (>=3/5)
7,259,7,0.7771545710854043,Activated (>=3/5)
8,228,9,0.746477416963612,Activated (>=3/5)
9,199,7,0.7202194173719272,Activated (>=3/5)
10,175,9,0.683179561621371,Activated (>=3/5)
11,143,1,0.6784020821694733,Activated (>=3/5)
12,126,6,0.6460972211137841,Activated (>=3/5)
13,105,4,0.6214839936427828,Activated (>=3/5)
14,87,4,0.5929100169235745,Activated (>=3/5)
15,67,3,0.5663618072105786,Activated (>=3/5)
16,54,2,0.5453854439805572,Activated (>=3/5)
17,39,3,0.5034327175205143,Activated (>=3/5)
18,28,2,0.46747323769762045,Activated (>=3/5)
19,11,0,0.46747323769762045,Activated (>=3/5)
20,2,1,0.23373661884881022,Activated (>=3/5)
